,Mean (CV),Mean (RCIW_1),Mean (RCIW_2),Median (RCIW_3),Median (RMAD)
Mean (CV),0.0,0.05371900826446281,-0.024793388429752067,-0.03925619834710744,-0.026859504132231406
Mean (RCIW_1),-0.05371900826446281,0.0,-0.045454545454545456,-0.09710743801652892,-0.1012396694214876
Mean (RCIW_2),0.024793388429752067,0.045454545454545456,0.0,-0.047520661157024795,-0.03512396694214876
Median (RCIW_3),0.03925619834710744,0.09710743801652892,0.047520661157024795,0.0,-0.002066115702479339
Median (RMAD),0.026859504132231406,0.1012396694214876,0.03512396694214876,0.002066115702479339,0.0
