,Mean (CV),Mean (RCIW_1),Mean (RCIW_2),Median (RCIW_3),Median (RMAD)
Mean (CV),1.0,0.7645384554933482,0.9772423755631628,0.8010545897512329,0.8157886200026474
Mean (RCIW_1),0.7645384554933482,1.0,0.7428718242699726,0.5812848880067114,0.5943857501999787
Mean (RCIW_2),0.9772423755631628,0.7428718242699726,1.0,0.8231804841505278,0.8380107430390342
Median (RCIW_3),0.8010545897512329,0.5812848880067114,0.8231804841505278,1.0,0.984827107271388
Median (RMAD),0.8157886200026474,0.5943857501999787,0.8380107430390342,0.984827107271388,1.0
