,Mean (CV),Mean (RCIW_1),Mean (RCIW_2),Median (RCIW_3),Median (RMAD)
Mean (CV),0.0,0.0,0.0,-0.001890359168241966,-0.001890359168241966
Mean (RCIW_1),0.0,0.0,0.0,-0.001890359168241966,-0.001890359168241966
Mean (RCIW_2),0.0,0.0,0.0,-0.001890359168241966,-0.001890359168241966
Median (RCIW_3),0.001890359168241966,0.001890359168241966,0.001890359168241966,0.0,0.0
Median (RMAD),0.001890359168241966,0.001890359168241966,0.001890359168241966,0.0,0.0
