,Mean (CV),Mean (RCIW_1),Mean (RCIW_2),Median (RCIW_3),Median (RMAD)
Mean (CV),1.0,1.0,1.0,0.9874980675187304,0.9874980675187304
Mean (RCIW_1),1.0,1.0,1.0,0.9874980675187304,0.9874980675187304
Mean (RCIW_2),1.0,1.0,1.0,0.9874980675187304,0.9874980675187304
Median (RCIW_3),0.9874980675187304,0.9874980675187304,0.9874980675187304,1.0,1.0
Median (RMAD),0.9874980675187304,0.9874980675187304,0.9874980675187304,1.0,1.0
