,Mean (CV),Mean (RCIW_1),Mean (RCIW_2),Median (RCIW_3),Median (RMAD)
Mean (CV),0.0,0.0,0.0,-0.055150884495317375,-0.055150884495317375
Mean (RCIW_1),0.0,0.0,0.0,-0.055150884495317375,-0.055150884495317375
Mean (RCIW_2),0.0,0.0,0.0,-0.055150884495317375,-0.055150884495317375
Median (RCIW_3),0.055150884495317375,0.055150884495317375,0.055150884495317375,0.0,0.0
Median (RMAD),0.055150884495317375,0.055150884495317375,0.055150884495317375,0.0,0.0
