,Mean (CV),Mean (RCIW_1),Mean (RCIW_2),Median (RCIW_3),Median (RMAD)
Mean (CV),1.0,1.0,1.0,0.7076852001286041,0.7076852001286041
Mean (RCIW_1),1.0,1.0,1.0,0.7076852001286041,0.7076852001286041
Mean (RCIW_2),1.0,1.0,1.0,0.7076852001286041,0.7076852001286041
Median (RCIW_3),0.7076852001286041,0.7076852001286041,0.7076852001286041,1.0,1.0
Median (RMAD),0.7076852001286041,0.7076852001286041,0.7076852001286041,1.0,1.0
