,Mean (CV),Median (CV),Mean (RCIW_1),Mean (RCIW_2),Median (RCIW_3),Mean (RMAD),Median (RMAD)
Mean (CV),1.0,0.3934165037325118,1.0,1.0,0.3934165037325118,1.0,0.3934165037325118
Median (CV),0.3934165037325118,1.0,0.3934165037325118,0.3934165037325118,1.0,0.3934165037325118,1.0
Mean (RCIW_1),1.0,0.3934165037325118,1.0,1.0,0.3934165037325118,1.0,0.3934165037325118
Mean (RCIW_2),1.0,0.3934165037325118,1.0,1.0,0.3934165037325118,1.0,0.3934165037325118
Median (RCIW_3),0.3934165037325118,1.0,0.3934165037325118,0.3934165037325118,1.0,0.3934165037325118,1.0
Mean (RMAD),1.0,0.3934165037325118,1.0,1.0,0.3934165037325118,1.0,0.3934165037325118
Median (RMAD),0.3934165037325118,1.0,0.3934165037325118,0.3934165037325118,1.0,0.3934165037325118,1.0
