,Mean (CV),Mean (RCIW_1),Mean (RCIW_2),Median (RCIW_3),Median (RMAD)
Mean (CV),1.0,9.082166052471164e-17,6.340315806795753e-50,1.319187765460497e-20,4.939993875859904e-37
Mean (RCIW_1),9.082166052471164e-17,1.0,6.151430482309486e-11,0.32195504069624026,3.4666237174484716e-98
Mean (RCIW_2),6.340315806795753e-50,6.151430482309486e-11,1.0,2.863850369692657e-08,2.528525447202089e-167
Median (RCIW_3),1.319187765460497e-20,0.32195504069624026,2.863850369692657e-08,1.0,1.8234532369981987e-107
Median (RMAD),4.939993875859904e-37,3.4666237174484716e-98,2.528525447202089e-167,1.8234532369981987e-107,1.0
