,Mean (CV),Median (CV),Mean (RCIW_1),Mean (RCIW_2),Median (RCIW_3),Mean (RMAD),Median (RMAD)
Mean (CV),1.0,3.012060879424659e-14,0.9004833317550089,0.9487077716793715,3.012060879424659e-14,0.9487077716793715,3.012060879424659e-14
Median (CV),3.012060879424659e-14,1.0,7.853612236536463e-14,4.940901695132036e-14,1.0,4.940901695132036e-14,1.0
Mean (RCIW_1),0.9004833317550089,7.853612236536463e-14,1.0,0.9515812592530237,7.853612236536463e-14,0.9515812592530237,7.853612236536463e-14
Mean (RCIW_2),0.9487077716793715,4.940901695132036e-14,0.9515812592530237,1.0,4.940901695132036e-14,1.0,4.940901695132036e-14
Median (RCIW_3),3.012060879424659e-14,1.0,7.853612236536463e-14,4.940901695132036e-14,1.0,4.940901695132036e-14,1.0
Mean (RMAD),0.9487077716793715,4.940901695132036e-14,0.9515812592530237,1.0,4.940901695132036e-14,1.0,4.940901695132036e-14
Median (RMAD),3.012060879424659e-14,1.0,7.853612236536463e-14,4.940901695132036e-14,1.0,4.940901695132036e-14,1.0
