,Mean (CV),Mean (RCIW_1),Mean (RCIW_2),Median (RCIW_3),Median (RMAD)
Mean (CV),1.0,0.6011606214427585,0.5928234053967624,0.5567853004359873,0.8137974634224234
Mean (RCIW_1),0.6011606214427585,1.0,0.9904121857357908,0.9482608702113654,0.7739574301841659
Mean (RCIW_2),0.5928234053967624,0.9904121857357908,1.0,0.9578322506614908,0.7647728569696313
Median (RCIW_3),0.5567853004359873,0.9482608702113654,0.9578322506614908,1.0,0.7247683765591151
Median (RMAD),0.8137974634224234,0.7739574301841659,0.7647728569696313,0.7247683765591151,1.0
