,Mean (CV),Mean (RCIW_1),Mean (RCIW_2),Median (RCIW_3),Median (RMAD)
Mean (CV),0.0,0.0015065741417092768,0.016846238130021913,0.001141344046749452,-0.21133126369612856
Mean (RCIW_1),-0.0015065741417092768,0.0,0.017804967129291454,0.0006848064280496713,-0.2172662527392257
Mean (RCIW_2),-0.016846238130021913,-0.017804967129291454,0.0,-0.01620708546384222,-0.2391800584368152
Median (RCIW_3),-0.001141344046749452,-0.0006848064280496713,0.01620708546384222,0.0,-0.2162618699780862
Median (RMAD),0.21133126369612856,0.2172662527392257,0.2391800584368152,0.2162618699780862,0.0
