,Mean (CV),Mean (RCIW_1),Mean (RCIW_2),Median (RCIW_3),Median (RMAD)
Mean (CV),1.0,0.9748959267652448,0.7144509642415511,0.9701485477906466,6.108639150862602e-05
Mean (RCIW_1),0.9748959267652448,1.0,0.7380653526118268,0.9952498249231505,5.344142684363378e-05
Mean (RCIW_2),0.7144509642415511,0.7380653526118268,1.0,0.7425616755653575,1.2173382597706561e-05
Median (RCIW_3),0.9701485477906466,0.9952498249231505,0.7425616755653575,1.0,5.210103577318807e-05
Median (RMAD),6.108639150862602e-05,5.344142684363378e-05,1.2173382597706561e-05,5.210103577318807e-05,1.0
