,Mean (CV),Median (CV),Mean (RCIW_1),Mean (RCIW_2),Median (RCIW_3),Mean (RMAD),Median (RMAD)
Mean (CV),1.0,0.34787978027299304,1.0,1.0,0.34787978027299304,1.0,0.34787978027299304
Median (CV),0.34787978027299304,1.0,0.34787978027299304,0.34787978027299304,1.0,0.34787978027299304,1.0
Mean (RCIW_1),1.0,0.34787978027299304,1.0,1.0,0.34787978027299304,1.0,0.34787978027299304
Mean (RCIW_2),1.0,0.34787978027299304,1.0,1.0,0.34787978027299304,1.0,0.34787978027299304
Median (RCIW_3),0.34787978027299304,1.0,0.34787978027299304,0.34787978027299304,1.0,0.34787978027299304,1.0
Mean (RMAD),1.0,0.34787978027299304,1.0,1.0,0.34787978027299304,1.0,0.34787978027299304
Median (RMAD),0.34787978027299304,1.0,0.34787978027299304,0.34787978027299304,1.0,0.34787978027299304,1.0
