,Mean (CV),Mean (RCIW_1),Mean (RCIW_2),Median (RCIW_3),Median (RMAD)
Mean (CV),1.0,0.22493505209526765,0.22315788076847598,0.22672231114073538,1.1297986726895785e-05
Mean (RCIW_1),0.22493505209526765,1.0,0.996278396984486,0.9962783969844838,2.0919240584942895e-08
Mean (RCIW_2),0.22315788076847598,0.996278396984486,1.0,0.9925568749358955,2.0363263834678313e-08
Median (RCIW_3),0.22672231114073538,0.9962783969844838,0.9925568749358955,1.0,2.148994220066566e-08
Median (RMAD),1.1297986726895785e-05,2.0919240584942895e-08,2.0363263834678313e-08,2.148994220066566e-08,1.0
