,Mean (CV),Mean (RCIW_1),Mean (RCIW_2),Median (RCIW_3),Median (RMAD)
Mean (CV),0.0,0.0,0.0,-0.05795918367346939,-0.05795918367346939
Mean (RCIW_1),0.0,0.0,0.0,-0.05795918367346939,-0.05795918367346939
Mean (RCIW_2),0.0,0.0,0.0,-0.05795918367346939,-0.05795918367346939
Median (RCIW_3),0.05795918367346939,0.05795918367346939,0.05795918367346939,0.0,0.0
Median (RMAD),0.05795918367346939,0.05795918367346939,0.05795918367346939,0.0,0.0
