,Mean (CV),Mean (RCIW_1),Mean (RCIW_2),Median (RCIW_3),Median (RMAD)
Mean (CV),1.0,1.0,1.0,0.6753564836682697,0.6753564836682697
Mean (RCIW_1),1.0,1.0,1.0,0.6753564836682697,0.6753564836682697
Mean (RCIW_2),1.0,1.0,1.0,0.6753564836682697,0.6753564836682697
Median (RCIW_3),0.6753564836682697,0.6753564836682697,0.6753564836682697,1.0,1.0
Median (RMAD),0.6753564836682697,0.6753564836682697,0.6753564836682697,1.0,1.0
