,Mean (CV),Mean (RCIW_1),Mean (RCIW_2),Median (RCIW_3),Median (RMAD)
Mean (CV),0.0,0.0,0.0,-0.06448979591836734,-0.06448979591836734
Mean (RCIW_1),0.0,0.0,0.0,-0.06448979591836734,-0.06448979591836734
Mean (RCIW_2),0.0,0.0,0.0,-0.06448979591836734,-0.06448979591836734
Median (RCIW_3),0.06448979591836734,0.06448979591836734,0.06448979591836734,0.0,0.0
Median (RMAD),0.06448979591836734,0.06448979591836734,0.06448979591836734,0.0,0.0
