,Mean (CV),Mean (RCIW_1),Mean (RCIW_2),Median (RCIW_3),Median (RMAD)
Mean (CV),1.0,1.0,1.0,0.6412217047699261,0.6412217047699261
Mean (RCIW_1),1.0,1.0,1.0,0.6412217047699261,0.6412217047699261
Mean (RCIW_2),1.0,1.0,1.0,0.6412217047699261,0.6412217047699261
Median (RCIW_3),0.6412217047699261,0.6412217047699261,0.6412217047699261,1.0,1.0
Median (RMAD),0.6412217047699261,0.6412217047699261,0.6412217047699261,1.0,1.0
