,Mean (CV),Mean (RCIW_1),Mean (RCIW_2),Median (RCIW_3),Median (RMAD)
Mean (CV),0.0,-0.09401709401709402,-0.15055884286653518,-0.13872452333990795,-0.0782380013149244
Mean (RCIW_1),0.09401709401709402,0.0,-0.05917159763313609,-0.05391190006574622,0.007889546351084813
Mean (RCIW_2),0.15055884286653518,0.05917159763313609,0.0,0.005259697567389875,0.0631163708086785
Median (RCIW_3),0.13872452333990795,0.05391190006574622,-0.005259697567389875,0.0,0.04930966469428008
Median (RMAD),0.0782380013149244,-0.007889546351084813,-0.0631163708086785,-0.04930966469428008,0.0
