,Mean (CV),Mean (RCIW_1),Mean (RCIW_2),Median (RCIW_3),Median (RMAD)
Mean (CV),1.0,0.39791502748064356,0.16503055774513897,0.189992195037893,0.4310778316964663
Mean (RCIW_1),0.39791502748064356,1.0,0.5871304710442065,0.6417514047600457,0.9537469008273873
Mean (RCIW_2),0.16503055774513897,0.5871304710442065,1.0,0.9380288387081535,0.547839188434539
Median (RCIW_3),0.189992195037893,0.6417514047600457,0.9380288387081535,1.0,0.6007977791333015
Median (RMAD),0.4310778316964663,0.9537469008273873,0.547839188434539,0.6007977791333015,1.0
