,Mean (CV),Mean (RCIW_1),Mean (RCIW_2),Median (RCIW_3),Median (RMAD)
Mean (CV),1.0,0.9128563051457563,0.48177845263885744,0.23317256060828928,0.5864238907838595
Mean (RCIW_1),0.9128563051457563,1.0,0.552506390850559,0.2789017644140218,0.6638607257512255
Mean (RCIW_2),0.48177845263885744,0.552506390850559,1.0,0.6249966261224129,0.8733383928139217
Median (RCIW_3),0.23317256060828928,0.2789017644140218,0.6249966261224129,1.0,0.5168551779657427
Median (RMAD),0.5864238907838595,0.6638607257512255,0.8733383928139217,0.5168551779657427,1.0
