,Mean (CV),Mean (RCIW_1),Mean (RCIW_2),Median (RCIW_3),Median (RMAD)
Mean (CV),0.0,0.01040582726326743,-0.031217481789802288,-0.1404786680541103,-0.3881373569198751
Mean (RCIW_1),-0.01040582726326743,0.0,-0.03329864724245578,-0.15920915712799166,-0.43600416233090533
Mean (RCIW_2),0.031217481789802288,0.03329864724245578,0.0,-0.1113423517169615,-0.3465140478668054
Median (RCIW_3),0.1404786680541103,0.15920915712799166,0.1113423517169615,0.0,-0.2643080124869927
Median (RMAD),0.3881373569198751,0.43600416233090533,0.3465140478668054,0.2643080124869927,0.0
