,Mean (CV),Mean (RCIW_1),Mean (RCIW_2),Median (RCIW_3),Median (RMAD)
Mean (CV),1.0,0.901512183925186,0.8291083291170692,0.3357131170227101,0.0060674581078700935
Mean (RCIW_1),0.901512183925186,1.0,0.7341603241399677,0.27729260276017653,0.004132522506423088
Mean (RCIW_2),0.8291083291170692,0.7341603241399677,1.0,0.4551693419484337,0.011462679839132434
Median (RCIW_3),0.3357131170227101,0.27729260276017653,0.4551693419484337,1.0,0.07484006241890077
Median (RMAD),0.0060674581078700935,0.004132522506423088,0.011462679839132434,0.07484006241890077,1.0
