,Mean (CV),Mean (RCIW_1),Mean (RCIW_2),Median (RCIW_3),Median (RMAD)
Mean (CV),1.0,0.6721628108342894,0.500339419151649,0.9812433933971548,0.6400781862570679
Mean (RCIW_1),0.6721628108342894,1.0,0.8019886521180637,0.6550977257402638,0.9645792327996235
Mean (RCIW_2),0.500339419151649,0.8019886521180637,1.0,0.4855112857327246,0.8365047860971879
Median (RCIW_3),0.9812433933971548,0.6550977257402638,0.4855112857327246,1.0,0.6233560254619102
Median (RMAD),0.6400781862570679,0.9645792327996235,0.8365047860971879,0.6233560254619102,1.0
