,Mean (CV),Mean (RCIW_1),Mean (RCIW_2),Median (RCIW_3),Median (RMAD)
Mean (CV),0.0,0.0,0.0,-0.06611570247933884,-0.06611570247933884
Mean (RCIW_1),0.0,0.0,0.0,-0.06611570247933884,-0.06611570247933884
Mean (RCIW_2),0.0,0.0,0.0,-0.06611570247933884,-0.06611570247933884
Median (RCIW_3),0.06611570247933884,0.06611570247933884,0.06611570247933884,0.0,0.0
Median (RMAD),0.06611570247933884,0.06611570247933884,0.06611570247933884,0.0,0.0
