,Mean (CV),Mean (RCIW_1),Mean (RCIW_2),Median (RCIW_3),Median (RMAD)
Mean (CV),1.0,1.0,1.0,0.7052881946795326,0.7052881946795326
Mean (RCIW_1),1.0,1.0,1.0,0.7052881946795326,0.7052881946795326
Mean (RCIW_2),1.0,1.0,1.0,0.7052881946795326,0.7052881946795326
Median (RCIW_3),0.7052881946795326,0.7052881946795326,0.7052881946795326,1.0,1.0
Median (RMAD),0.7052881946795326,0.7052881946795326,0.7052881946795326,1.0,1.0
