,Mean (CV),Mean (RCIW_1),Mean (RCIW_2),Median (RCIW_3),Median (RMAD)
Mean (CV),0.0,0.0,0.0,-0.18693877551020407,-0.18693877551020407
Mean (RCIW_1),0.0,0.0,0.0,-0.18693877551020407,-0.18693877551020407
Mean (RCIW_2),0.0,0.0,0.0,-0.18693877551020407,-0.18693877551020407
Median (RCIW_3),0.18693877551020407,0.18693877551020407,0.18693877551020407,0.0,0.0
Median (RMAD),0.18693877551020407,0.18693877551020407,0.18693877551020407,0.0,0.0
