,Mean (CV),Mean (RCIW_1),Mean (RCIW_2),Median (RCIW_3),Median (RMAD)
Mean (CV),1.0,1.0,1.0,0.17675849779456476,0.17675849779456476
Mean (RCIW_1),1.0,1.0,1.0,0.17675849779456476,0.17675849779456476
Mean (RCIW_2),1.0,1.0,1.0,0.17675849779456476,0.17675849779456476
Median (RCIW_3),0.17675849779456476,0.17675849779456476,0.17675849779456476,1.0,1.0
Median (RMAD),0.17675849779456476,0.17675849779456476,0.17675849779456476,1.0,1.0
