,Mean (CV),Mean (RCIW_1),Mean (RCIW_2),Median (RCIW_3),Median (RMAD)
Mean (CV),1.0,0.928156917901549,0.46421784935167654,0.3683767251927631,0.9475636016324702
Mean (RCIW_1),0.928156917901549,1.0,0.5210320810989475,0.41831144015118316,0.9805356950395276
Mean (RCIW_2),0.46421784935167654,0.5210320810989475,1.0,0.8668988341157895,0.5053135648537784
Median (RCIW_3),0.3683767251927631,0.41831144015118316,0.8668988341157895,1.0,0.40442102744939235
Median (RMAD),0.9475636016324702,0.9805356950395276,0.5053135648537784,0.40442102744939235,1.0
