,Mean (CV),Mean (RCIW_1),Mean (RCIW_2),Median (RCIW_3),Median (RMAD)
Mean (CV),0.0,0.09795918367346938,0.05061224489795919,0.2702040816326531,0.2653061224489796
Mean (RCIW_1),-0.09795918367346938,0.0,-0.04163265306122449,0.18448979591836734,0.18448979591836734
Mean (RCIW_2),-0.05061224489795919,0.04163265306122449,0.0,0.18775510204081633,0.17795918367346938
Median (RCIW_3),-0.2702040816326531,-0.18448979591836734,-0.18775510204081633,0.0,0.006530612244897959
Median (RMAD),-0.2653061224489796,-0.18448979591836734,-0.17795918367346938,-0.006530612244897959,0.0
