,Mean (CV),Mean (RCIW_1),Mean (RCIW_2),Median (RCIW_3),Median (RMAD)
Mean (CV),1.0,0.5014858286230948,0.6284551214334803,0.05102169036141004,0.051309300835974576
Mean (RCIW_1),0.5014858286230948,1.0,0.8506796469419007,0.2008465068063371,0.20169755763421682
Mean (RCIW_2),0.6284551214334803,0.8506796469419007,1.0,0.14226866768071156,0.142925993234784
Median (RCIW_3),0.05102169036141004,0.2008465068063371,0.14226866768071156,1.0,0.9980743247052201
Median (RMAD),0.051309300835974576,0.20169755763421682,0.142925993234784,0.9980743247052201,1.0
