,Mean (CV),Mean (RCIW_1),Mean (RCIW_2),Median (RCIW_3),Median (RMAD)
Mean (CV),1.0,0.07830387368141041,0.8328542496394578,0.1181513088356101,0.7869235982124674
Mean (RCIW_1),0.07830387368141041,1.0,0.048648931770035944,0.8430193539403934,0.1361438779346342
Mean (RCIW_2),0.8328542496394578,0.048648931770035944,1.0,0.07612556844926333,0.6302678052727613
Median (RCIW_3),0.1181513088356101,0.8430193539403934,0.07612556844926333,1.0,0.19626267899420113
Median (RMAD),0.7869235982124674,0.1361438779346342,0.6302678052727613,0.19626267899420113,1.0
