,Mean (CV),Mean (RCIW_1),Mean (RCIW_2),Median (RCIW_3),Median (RMAD)
Mean (CV),1.0,1.0,1.0,0.46372117767807186,0.46372117767807186
Mean (RCIW_1),1.0,1.0,1.0,0.46372117767807186,0.46372117767807186
Mean (RCIW_2),1.0,1.0,1.0,0.46372117767807186,0.46372117767807186
Median (RCIW_3),0.46372117767807186,0.46372117767807186,0.46372117767807186,1.0,1.0
Median (RMAD),0.46372117767807186,0.46372117767807186,0.46372117767807186,1.0,1.0
