,Mean (CV),Median (CV),Mean (RCIW_1),Mean (RCIW_2),Median (RCIW_3),Mean (RMAD),Median (RMAD)
Mean (CV),1.0,0.3418006940803141,0.9662278949266223,0.6749698139024858,0.6505654282593688,0.8993843419201754,0.6158810372187817
Median (CV),0.3418006940803141,1.0,0.32073283816567066,0.5952273414275824,0.6187402627493175,0.2814568322795101,0.6534916367120416
Mean (RCIW_1),0.9662278949266223,0.32073283816567066,1.0,0.6443131352744774,0.6203767044501816,0.9329773930765741,0.5864165701297348
Mean (RCIW_2),0.6749698139024858,0.5952273414275824,0.6443131352744774,1.0,0.9731644128489026,0.5852198012890706,0.9343609021267903
Median (RCIW_3),0.6505654282593688,0.6187402627493175,0.6203767044501816,0.9731644128489026,1.0,0.5623085505811698,0.9611427091113202
Mean (RMAD),0.8993843419201754,0.2814568322795101,0.9329773930765741,0.5852198012890706,0.5623085505811698,1.0,0.5299151139554309
Median (RMAD),0.6158810372187817,0.6534916367120416,0.5864165701297348,0.9343609021267903,0.9611427091113202,0.5299151139554309,1.0
