,Mean (CV),Mean (RCIW_1),Mean (RCIW_2),Median (RCIW_3),Median (RMAD)
Mean (CV),0.0,-0.07180020811654526,-0.21227887617065558,-0.3100936524453694,-0.2851196670135276
Mean (RCIW_1),0.07180020811654526,0.0,-0.14880332986472425,-0.259105098855359,-0.22372528616024975
Mean (RCIW_2),0.21227887617065558,0.14880332986472425,0.0,-0.14568158168574402,-0.14568158168574402
Median (RCIW_3),0.3100936524453694,0.259105098855359,0.14568158168574402,0.0,-0.023933402705515087
Median (RMAD),0.2851196670135276,0.22372528616024975,0.14568158168574402,0.023933402705515087,0.0
