,Mean (CV),Mean (RCIW_1),Mean (RCIW_2),Median (RCIW_3),Median (RMAD)
Mean (CV),1.0,0.6523986144102315,0.1808662392674597,0.026827738363518833,0.028062707459852454
Mean (RCIW_1),0.6523986144102315,1.0,0.3747235929256669,0.0778022749620384,0.0808150973038234
Mean (RCIW_2),0.1808662392674597,0.3747235929256669,1.0,0.3810721746606056,0.39071799491516146
Median (RCIW_3),0.026827738363518833,0.0778022749620384,0.3810721746606056,1.0,0.9859527854932665
Median (RMAD),0.028062707459852454,0.0808150973038234,0.39071799491516146,0.9859527854932665,1.0
