,Mean (CV),Mean (RCIW_1),Mean (RCIW_2),Median (RCIW_3),Median (RMAD)
Mean (CV),0.0,0.1987513007284079,0.10822060353798127,0.1550468262226847,0.12174817898022892
Mean (RCIW_1),-0.1987513007284079,0.0,-0.062434963579604576,-0.053069719042663895,-0.0967741935483871
Mean (RCIW_2),-0.10822060353798127,0.062434963579604576,0.0,0.053069719042663895,-0.009365244536940686
Median (RCIW_3),-0.1550468262226847,0.053069719042663895,-0.053069719042663895,0.0,-0.05723204994797086
Median (RMAD),-0.12174817898022892,0.0967741935483871,0.009365244536940686,0.05723204994797086,0.0
