,Mean (CV),Mean (RCIW_1),Mean (RCIW_2),Median (RCIW_3),Median (RMAD)
Mean (CV),1.0,0.16800515510894343,0.4168495814393651,0.26993943899953754,0.45245344267437526
Mean (RCIW_1),0.16800515510894343,1.0,0.5708887985083809,0.7829782284127582,0.5304554208399628
Mean (RCIW_2),0.4168495814393651,0.5708887985083809,1.0,0.7708195777166185,0.9517032950860619
Median (RCIW_3),0.26993943899953754,0.7829782284127582,0.7708195777166185,1.0,0.7249350274980839
Median (RMAD),0.45245344267437526,0.5304554208399628,0.9517032950860619,0.7249350274980839,1.0
