,Mean (CV),Mean (RCIW_1),Mean (RCIW_2),Median (RCIW_3),Median (RMAD)
Mean (CV),1.0,0.737826433259656,0.280306041940212,0.6147686338166631,0.012299726162048578
Mean (RCIW_1),0.737826433259656,1.0,0.15725470402883734,0.4020243135431971,0.03010597655808332
Mean (RCIW_2),0.280306041940212,0.15725470402883734,1.0,0.5643760539265944,0.00033959452622334954
Median (RCIW_3),0.6147686338166631,0.4020243135431971,0.5643760539265944,1.0,0.002640961974758652
Median (RMAD),0.012299726162048578,0.03010597655808332,0.00033959452622334954,0.002640961974758652,1.0
