,Mean (CV),Mean (RCIW_1),Mean (RCIW_2),Median (RCIW_3),Median (RMAD)
Mean (CV),0.0,-0.02310080350620891,0.001141344046749452,-0.10614499634769906,-0.03177501826150475
Mean (RCIW_1),0.02310080350620891,0.0,0.023694302410518626,-0.09071402483564646,0.002739225712198685
Mean (RCIW_2),-0.001141344046749452,-0.023694302410518626,0.0,-0.11911066471877282,-0.023009495982468955
Median (RCIW_3),0.10614499634769906,0.09071402483564646,0.11911066471877282,0.0,0.05807158509861213
Median (RMAD),0.03177501826150475,-0.002739225712198685,0.023009495982468955,-0.05807158509861213,0.0
