,Mean (CV),Mean (RCIW_1),Mean (RCIW_2),Median (RCIW_3),Median (RMAD)
Mean (CV),1.0,0.71189102403987,0.9824343871867955,0.09666949505653386,0.6321574728124508
Mean (RCIW_1),0.71189102403987,1.0,0.6955499352431145,0.19639132717045915,0.9129052034389709
Mean (RCIW_2),0.9824343871867955,0.6955499352431145,1.0,0.09232943567709037,0.6165756486111726
Median (RCIW_3),0.09666949505653386,0.19639132717045915,0.09232943567709037,1.0,0.23699686519171592
Median (RMAD),0.6321574728124508,0.9129052034389709,0.6165756486111726,0.23699686519171592,1.0
