,Mean (CV),Mean (RCIW_1),Mean (RCIW_2),Median (RCIW_3),Median (RMAD)
Mean (CV),0.0,0.008979206049149339,-0.02930056710775047,-0.03733459357277883,-0.017013232514177693
Mean (RCIW_1),-0.008979206049149339,0.0,-0.04064272211720227,-0.03827977315689981,-0.03497164461247637
Mean (RCIW_2),0.02930056710775047,0.04064272211720227,0.0,-0.0014177693761814746,0.002835538752362949
Median (RCIW_3),0.03733459357277883,0.03827977315689981,0.0014177693761814746,0.0,-0.000945179584120983
Median (RMAD),0.017013232514177693,0.03497164461247637,-0.002835538752362949,0.000945179584120983,0.0
