,Mean (CV),Mean (RCIW_1),Mean (RCIW_2),Median (RCIW_3),Median (RMAD)
Mean (CV),1.0,0.9352240379612021,0.8055177708837243,0.7993561143133734,0.8333896155638925
Mean (RCIW_1),0.9352240379612021,1.0,0.7432999704158703,0.7372822496055917,0.770569311923357
Mean (RCIW_2),0.8055177708837243,0.7432999704158703,1.0,0.9936424905628216,0.9713970339128324
Median (RCIW_3),0.7993561143133734,0.7372822496055917,0.9936424905628216,1.0,0.9650445174854863
Median (RMAD),0.8333896155638925,0.770569311923357,0.9713970339128324,0.9650445174854863,1.0
