,Mean (CV),Mean (RCIW_1),Mean (RCIW_2),Median (RCIW_3),Median (RMAD)
Mean (CV),0.0,0.07936507936507936,0.12471655328798185,-0.015873015873015872,0.07936507936507936
Mean (RCIW_1),-0.07936507936507936,0.0,0.022675736961451247,-0.04081632653061224,-0.0022675736961451248
Mean (RCIW_2),-0.12471655328798185,-0.022675736961451247,0.0,-0.14512471655328799,-0.024943310657596373
Median (RCIW_3),0.015873015873015872,0.04081632653061224,0.14512471655328799,0.0,0.08616780045351474
Median (RMAD),-0.07936507936507936,0.0022675736961451248,0.024943310657596373,-0.08616780045351474,0.0
