,Mean (CV),Median (CV),Mean (RCIW_1),Mean (RCIW_2),Median (RCIW_3),Mean (RMAD),Median (RMAD)
Mean (CV),1.0,0.11010132818645767,0.32580734287491375,0.03960989932567959,0.06368799185601712,0.08053006338612086,0.05091792161805878
Median (CV),0.11010132818645767,1.0,0.5384596566703346,0.645475831123534,0.7974722048834691,0.8808585786981165,0.7230144042717441
Mean (RCIW_1),0.32580734287491375,0.5384596566703346,1.0,0.28228509480137,0.3833372126224994,0.4442567429742659,0.33225740282065985
Mean (RCIW_2),0.03960989932567959,0.645475831123534,0.28228509480137,1.0,0.8387939811006007,0.7564276012715404,0.9158812639019831
Median (RCIW_3),0.06368799185601712,0.7974722048834691,0.3833372126224994,0.8387939811006007,1.0,0.9149960375442393,0.9220807085333251
Mean (RMAD),0.08053006338612086,0.8808585786981165,0.4442567429742659,0.7564276012715404,0.9149960375442393,1.0,0.837922081937205
Median (RMAD),0.05091792161805878,0.7230144042717441,0.33225740282065985,0.9158812639019831,0.9220807085333251,0.837922081937205,1.0
