,Mean (CV),Mean (RCIW_1),Mean (RCIW_2),Median (RCIW_3),Median (RMAD)
Mean (CV),1.0,1.0,1.0,0.1812285911185575,0.1812285911185575
Mean (RCIW_1),1.0,1.0,1.0,0.1812285911185575,0.1812285911185575
Mean (RCIW_2),1.0,1.0,1.0,0.1812285911185575,0.1812285911185575
Median (RCIW_3),0.1812285911185575,0.1812285911185575,0.1812285911185575,1.0,1.0
Median (RMAD),0.1812285911185575,0.1812285911185575,0.1812285911185575,1.0,1.0
