,Mean (CV),Median (CV),Mean (RCIW_1),Mean (RCIW_2),Median (RCIW_3),Mean (RMAD),Median (RMAD)
Mean (CV),0.0,-0.15799004074241738,0.0,0.0,-0.15799004074241738,0.0,-0.15799004074241738
Median (CV),0.15799004074241738,0.0,0.15799004074241738,0.15799004074241738,0.0,0.15799004074241738,0.0
Mean (RCIW_1),0.0,-0.15799004074241738,0.0,0.0,-0.15799004074241738,0.0,-0.15799004074241738
Mean (RCIW_2),0.0,-0.15799004074241738,0.0,0.0,-0.15799004074241738,0.0,-0.15799004074241738
Median (RCIW_3),0.15799004074241738,0.0,0.15799004074241738,0.15799004074241738,0.0,0.15799004074241738,0.0
Mean (RMAD),0.0,-0.15799004074241738,0.0,0.0,-0.15799004074241738,0.0,-0.15799004074241738
Median (RMAD),0.15799004074241738,0.0,0.15799004074241738,0.15799004074241738,0.0,0.15799004074241738,0.0
