,Mean (CV),Mean (RCIW_1),Mean (RCIW_2),Median (RCIW_3),Median (RMAD)
Mean (CV),0.0,-0.017959183673469388,0.004081632653061225,-0.06612244897959184,0.12816326530612246
Mean (RCIW_1),0.017959183673469388,0.0,0.012244897959183673,-0.07102040816326531,0.12326530612244897
Mean (RCIW_2),-0.004081632653061225,-0.012244897959183673,0.0,-0.07673469387755102,0.1469387755102041
Median (RCIW_3),0.06612244897959184,0.07102040816326531,0.07673469387755102,0.0,0.20408163265306123
Median (RMAD),-0.12816326530612246,-0.12326530612244897,-0.1469387755102041,-0.20408163265306123,0.0
