,Mean (CV),Mean (RCIW_1),Mean (RCIW_2),Median (RCIW_3),Median (RMAD)
Mean (CV),1.0,0.9604841318261124,0.9934114021831293,0.5930719816246557,0.3471173058476039
Mean (RCIW_1),0.9604841318261124,1.0,0.9670659940560254,0.6277873027456897,0.32230047123206507
Mean (RCIW_2),0.9934114021831293,0.9670659940560254,1.0,0.5987965182786794,0.34289881514498033
Median (RCIW_3),0.5930719816246557,0.6277873027456897,0.5987965182786794,1.0,0.14032411955623458
Median (RMAD),0.3471173058476039,0.32230047123206507,0.34289881514498033,0.14032411955623458,1.0
