,Mean (CV),Mean (RCIW_1),Mean (RCIW_2),Median (RCIW_3),Median (RMAD)
Mean (CV),0.0,-0.04760596633726585,-0.11849520005345648,-0.12372948050694563,-0.04167378182331148
Mean (RCIW_1),0.04760596633726585,0.0,-0.06160117010297797,-0.0736140293565176,0.0030811721818411303
Mean (RCIW_2),0.11849520005345648,0.06160117010297797,0.0,-0.02011300106170511,0.07530681792870984
Median (RCIW_3),0.12372948050694563,0.0736140293565176,0.02011300106170511,0.0,0.08103111612678096
Median (RMAD),0.04167378182331148,-0.0030811721818411303,-0.07530681792870984,-0.08103111612678096,0.0
