,Mean (CV),Mean (RCIW_1),Mean (RCIW_2),Median (RCIW_3),Median (RMAD)
Mean (CV),1.0,0.2386030848283922,0.006839752896845671,0.0026461884566599913,0.30773590556502883
Mean (RCIW_1),0.2386030848283922,1.0,0.12699448706796188,0.06760690055043599,0.8740618280770125
Mean (RCIW_2),0.006839752896845671,0.12699448706796188,1.0,0.7629903532854009,0.09207291329986705
Median (RCIW_3),0.0026461884566599913,0.06760690055043599,0.7629903532854009,1.0,0.04702008181863045
Median (RMAD),0.30773590556502883,0.8740618280770125,0.09207291329986705,0.04702008181863045,1.0
