,Mean (CV),Median (CV),Mean (RCIW_1),Mean (RCIW_2),Median (RCIW_3),Mean (RMAD),Median (RMAD)
Mean (CV),0.0,0.35275754422476585,0.0,0.0,0.35275754422476585,0.0,0.35275754422476585
Median (CV),-0.35275754422476585,0.0,-0.35275754422476585,-0.35275754422476585,0.0,-0.35275754422476585,0.0
Mean (RCIW_1),0.0,0.35275754422476585,0.0,0.0,0.35275754422476585,0.0,0.35275754422476585
Mean (RCIW_2),0.0,0.35275754422476585,0.0,0.0,0.35275754422476585,0.0,0.35275754422476585
Median (RCIW_3),-0.35275754422476585,0.0,-0.35275754422476585,-0.35275754422476585,0.0,-0.35275754422476585,0.0
Mean (RMAD),0.0,0.35275754422476585,0.0,0.0,0.35275754422476585,0.0,0.35275754422476585
Median (RMAD),-0.35275754422476585,0.0,-0.35275754422476585,-0.35275754422476585,0.0,-0.35275754422476585,0.0
