,Mean (CV),Median (CV),Mean (RCIW_1),Mean (RCIW_2),Median (RCIW_3),Mean (RMAD),Median (RMAD)
Mean (CV),1.0,0.016383067993182412,1.0,1.0,0.016383067993182412,1.0,0.016383067993182412
Median (CV),0.016383067993182412,1.0,0.016383067993182412,0.016383067993182412,1.0,0.016383067993182412,1.0
Mean (RCIW_1),1.0,0.016383067993182412,1.0,1.0,0.016383067993182412,1.0,0.016383067993182412
Mean (RCIW_2),1.0,0.016383067993182412,1.0,1.0,0.016383067993182412,1.0,0.016383067993182412
Median (RCIW_3),0.016383067993182412,1.0,0.016383067993182412,0.016383067993182412,1.0,0.016383067993182412,1.0
Mean (RMAD),1.0,0.016383067993182412,1.0,1.0,0.016383067993182412,1.0,0.016383067993182412
Median (RMAD),0.016383067993182412,1.0,0.016383067993182412,0.016383067993182412,1.0,0.016383067993182412,1.0
