,Mean (CV),Mean (RCIW_1),Mean (RCIW_2),Median (RCIW_3),Median (RMAD)
Mean (CV),0.0,-0.06285714285714286,-0.0563265306122449,-0.22693877551020408,-0.1910204081632653
Mean (RCIW_1),0.06285714285714286,0.0,0.022040816326530613,-0.16816326530612244,-0.1306122448979592
Mean (RCIW_2),0.0563265306122449,-0.022040816326530613,0.0,-0.17551020408163265,-0.06612244897959184
Median (RCIW_3),0.22693877551020408,0.16816326530612244,0.17551020408163265,0.0,0.061224489795918366
Median (RMAD),0.1910204081632653,0.1306122448979592,0.06612244897959184,-0.061224489795918366,0.0
