,Mean (CV),Mean (RCIW_1),Mean (RCIW_2),Median (RCIW_3),Median (RMAD)
Mean (CV),1.0,0.6373314542646595,0.630547029808378,0.08823575614084153,0.2078367892159132
Mean (RCIW_1),0.6373314542646595,1.0,0.9924011406425033,0.21744696824411158,0.43063653256621404
Mean (RCIW_2),0.630547029808378,0.9924011406425033,1.0,0.22101961491822586,0.43622776819493014
Median (RCIW_3),0.08823575614084153,0.21744696824411158,0.22101961491822586,1.0,0.6561445807801646
Median (RMAD),0.2078367892159132,0.43063653256621404,0.43622776819493014,0.6561445807801646,1.0
