,Mean (CV),Mean (RCIW_1),Mean (RCIW_2),Median (RCIW_3),Median (RMAD)
Mean (CV),0.0,0.0,0.0,-0.03183673469387755,-0.03183673469387755
Mean (RCIW_1),0.0,0.0,0.0,-0.03183673469387755,-0.03183673469387755
Mean (RCIW_2),0.0,0.0,0.0,-0.03183673469387755,-0.03183673469387755
Median (RCIW_3),0.03183673469387755,0.03183673469387755,0.03183673469387755,0.0,0.0
Median (RMAD),0.03183673469387755,0.03183673469387755,0.03183673469387755,0.0,0.0
