,Mean (CV),Mean (RCIW_1),Mean (RCIW_2),Median (RCIW_3),Median (RMAD)
Mean (CV),1.0,1.0,1.0,0.8180565509221847,0.8180565509221847
Mean (RCIW_1),1.0,1.0,1.0,0.8180565509221847,0.8180565509221847
Mean (RCIW_2),1.0,1.0,1.0,0.8180565509221847,0.8180565509221847
Median (RCIW_3),0.8180565509221847,0.8180565509221847,0.8180565509221847,1.0,1.0
Median (RMAD),0.8180565509221847,0.8180565509221847,0.8180565509221847,1.0,1.0
