,Mean (CV),Mean (RCIW_1),Mean (RCIW_2),Median (RCIW_3),Median (RMAD)
Mean (CV),0.0,0.04030631585340569,0.08414156793673465,0.04227183908888521,-0.26521893017732645
Mean (RCIW_1),-0.04030631585340569,0.0,0.05003968744306056,0.003007449511080022,-0.32996600911868745
Mean (RCIW_2),-0.08414156793673465,-0.05003968744306056,0.0,-0.04375252627853255,-0.3927868334027951
Median (RCIW_3),-0.04227183908888521,-0.003007449511080022,0.04375252627853255,0.0,-0.3240704865743349
Median (RMAD),0.26521893017732645,0.32996600911868745,0.3927868334027951,0.3240704865743349,0.0
