,Mean (CV),Mean (RCIW_1),Mean (RCIW_2),Median (RCIW_3),Median (RMAD)
Mean (CV),1.0,0.027289752666133687,1.8830755116075825e-06,0.021915017963317192,5.559338154943823e-46
Mean (RCIW_1),0.027289752666133687,1.0,0.01052047244466134,0.9326672379860672,9.52196431279788e-61
Mean (RCIW_2),1.8830755116075825e-06,0.01052047244466134,1.0,0.01337046074836741,1.687809529789326e-80
Median (RCIW_3),0.021915017963317192,0.9326672379860672,0.01337046074836741,1.0,2.353116902835374e-61
Median (RMAD),5.559338154943823e-46,9.52196431279788e-61,1.687809529789326e-80,2.353116902835374e-61,1.0
