,Mean (CV),Mean (RCIW_1),Mean (RCIW_2),Median (RCIW_3),Median (RMAD)
Mean (CV),0.0,0.3202479338842975,0.25413223140495866,-0.022727272727272728,0.11983471074380166
Mean (RCIW_1),-0.3202479338842975,0.0,-0.12396694214876033,-0.23140495867768596,-0.21487603305785125
Mean (RCIW_2),-0.25413223140495866,0.12396694214876033,0.0,-0.24586776859504134,-0.128099173553719
Median (RCIW_3),0.022727272727272728,0.23140495867768596,0.24586776859504134,0.0,0.15289256198347106
Median (RMAD),-0.11983471074380166,0.21487603305785125,0.128099173553719,-0.15289256198347106,0.0
