,Mean (CV),Mean (RCIW_1),Mean (RCIW_2),Median (RCIW_3),Median (RMAD)
Mean (CV),1.0,0.06759927889776805,0.1689496344424748,0.9826410281311686,0.481739583833816
Mean (RCIW_1),0.06759927889776805,1.0,0.651209846857615,0.07093227358898238,0.26094458585044233
Mean (RCIW_2),0.1689496344424748,0.651209846857615,1.0,0.1757910307413233,0.5015332429241528
Median (RCIW_3),0.9826410281311686,0.07093227358898238,0.1757910307413233,1.0,0.49539738731557714
Median (RMAD),0.481739583833816,0.26094458585044233,0.5015332429241528,0.49539738731557714,1.0
