,Mean (CV),Median (CV),Mean (RCIW_1),Mean (RCIW_2),Median (RCIW_3),Mean (RMAD),Median (RMAD)
Mean (CV),1.0,1.916192768197579e-08,1.0,1.0,1.916192768197579e-08,1.0,1.916192768197579e-08
Median (CV),1.916192768197579e-08,1.0,1.916192768197579e-08,1.916192768197579e-08,1.0,1.916192768197579e-08,1.0
Mean (RCIW_1),1.0,1.916192768197579e-08,1.0,1.0,1.916192768197579e-08,1.0,1.916192768197579e-08
Mean (RCIW_2),1.0,1.916192768197579e-08,1.0,1.0,1.916192768197579e-08,1.0,1.916192768197579e-08
Median (RCIW_3),1.916192768197579e-08,1.0,1.916192768197579e-08,1.916192768197579e-08,1.0,1.916192768197579e-08,1.0
Mean (RMAD),1.0,1.916192768197579e-08,1.0,1.0,1.916192768197579e-08,1.0,1.916192768197579e-08
Median (RMAD),1.916192768197579e-08,1.0,1.916192768197579e-08,1.916192768197579e-08,1.0,1.916192768197579e-08,1.0
