,Mean (CV),Mean (RCIW_1),Mean (RCIW_2),Median (RCIW_3),Median (RMAD)
Mean (CV),1.0,0.9729073080673211,0.9424669093207384,0.06021163315960496,0.025177148564041622
Mean (RCIW_1),0.9729073080673211,1.0,0.9695222776373409,0.0557220834071793,0.023048125538549773
Mean (RCIW_2),0.9424669093207384,0.9695222776373409,1.0,0.05100825166909437,0.02084150442616676
Median (RCIW_3),0.06021163315960496,0.0557220834071793,0.05100825166909437,1.0,0.7192711258114645
Median (RMAD),0.025177148564041622,0.023048125538549773,0.02084150442616676,0.7192711258114645,1.0
