,Mean (CV),Median (CV),Mean (RCIW_1),Mean (RCIW_2),Median (RCIW_3),Mean (RMAD),Median (RMAD)
Mean (CV),1.0,5.008232549518673e-14,1.0,1.0,5.008232549518673e-14,1.0,5.008232549518673e-14
Median (CV),5.008232549518673e-14,1.0,5.008232549518673e-14,5.008232549518673e-14,1.0,5.008232549518673e-14,1.0
Mean (RCIW_1),1.0,5.008232549518673e-14,1.0,1.0,5.008232549518673e-14,1.0,5.008232549518673e-14
Mean (RCIW_2),1.0,5.008232549518673e-14,1.0,1.0,5.008232549518673e-14,1.0,5.008232549518673e-14
Median (RCIW_3),5.008232549518673e-14,1.0,5.008232549518673e-14,5.008232549518673e-14,1.0,5.008232549518673e-14,1.0
Mean (RMAD),1.0,5.008232549518673e-14,1.0,1.0,5.008232549518673e-14,1.0,5.008232549518673e-14
Median (RMAD),5.008232549518673e-14,1.0,5.008232549518673e-14,5.008232549518673e-14,1.0,5.008232549518673e-14,1.0
