,Mean (CV),Mean (RCIW_1),Mean (RCIW_2),Median (RCIW_3),Median (RMAD)
Mean (CV),0.0,-0.02066115702479339,-0.15289256198347106,-0.2396694214876033,-0.049586776859504134
Mean (RCIW_1),0.02066115702479339,0.0,-0.09090909090909091,-0.2231404958677686,-0.045454545454545456
Mean (RCIW_2),0.15289256198347106,0.09090909090909091,0.0,-0.2190082644628099,0.008264462809917356
Median (RCIW_3),0.2396694214876033,0.2231404958677686,0.2190082644628099,0.0,0.12396694214876033
Median (RMAD),0.049586776859504134,0.045454545454545456,-0.008264462809917356,-0.12396694214876033,0.0
