,Mean (CV),Mean (RCIW_1),Mean (RCIW_2),Median (RCIW_3),Median (RMAD)
Mean (CV),1.0,0.886906349131005,0.5694379724027194,0.14556320932740024,0.6253457403629004
Mean (RCIW_1),0.886906349131005,1.0,0.669627305813739,0.18912791811241692,0.7292913756110688
Mean (RCIW_2),0.5694379724027194,0.669627305813739,1.0,0.3753461272052643,0.9357670241049496
Median (RCIW_3),0.14556320932740024,0.18912791811241692,0.3753461272052643,1.0,0.3334965376124719
Median (RMAD),0.6253457403629004,0.7292913756110688,0.9357670241049496,0.3334965376124719,1.0
