,Mean (CV),Median (CV),Mean (RCIW_1),Mean (RCIW_2),Median (RCIW_3),Mean (RMAD),Median (RMAD)
Mean (CV),1.0,0.828251890523012,0.24979346816727865,0.057180739206432574,0.18338943313089495,0.05632535477392143,0.22463752709822704
Median (CV),0.828251890523012,1.0,0.3503518424535609,0.09199193493090102,0.26551649309224634,0.09072881115648261,0.3185973192007019
Mean (RCIW_1),0.24979346816727865,0.3503518424535609,1.0,0.45260720839566226,0.857513739937913,0.4486553591009982,0.9494181632090244
Mean (RCIW_2),0.057180739206432574,0.09199193493090102,0.45260720839566226,1.0,0.5676366669013683,0.9947474585277026,0.4916807317457338
Median (RCIW_3),0.18338943313089495,0.26551649309224634,0.857513739937913,0.5676366669013683,1.0,0.5631839922786617,0.9075712992552895
Mean (RMAD),0.05632535477392143,0.09072881115648261,0.4486553591009982,0.9947474585277026,0.5631839922786617,1.0,0.4875435018702422
Median (RMAD),0.22463752709822704,0.3185973192007019,0.9494181632090244,0.4916807317457338,0.9075712992552895,0.4875435018702422,1.0
