,Mean (CV),Mean (RCIW_1),Mean (RCIW_2),Median (RCIW_3),Median (RMAD)
Mean (CV),0.0,0.03305785123966942,0.03305785123966942,-0.05991735537190083,-0.10537190082644628
Mean (RCIW_1),-0.03305785123966942,0.0,0.008264462809917356,-0.128099173553719,-0.15702479338842976
Mean (RCIW_2),-0.03305785123966942,-0.008264462809917356,0.0,-0.19008264462809918,-0.19421487603305784
Median (RCIW_3),0.05991735537190083,0.128099173553719,0.19008264462809918,0.0,-0.03925619834710744
Median (RMAD),0.10537190082644628,0.15702479338842976,0.19421487603305784,0.03925619834710744,0.0
