,Mean (CV),Mean (RCIW_1),Mean (RCIW_2),Median (RCIW_3),Median (RMAD)
Mean (CV),1.0,0.8094266568982897,0.7087239059494441,0.6161976832996812,0.4959103540381824
Mean (RCIW_1),0.8094266568982897,1.0,0.8946641782028558,0.4578376278953691,0.3564741589941005
Mean (RCIW_2),0.7087239059494441,0.8946641782028558,1.0,0.3816735251127428,0.29164991784132754
Median (RCIW_3),0.6161976832996812,0.4578376278953691,0.3816735251127428,1.0,0.8573942755994062
Median (RMAD),0.4959103540381824,0.3564741589941005,0.29164991784132754,0.8573942755994062,1.0
