,Mean (CV),Mean (RCIW_1),Mean (RCIW_2),Median (RCIW_3),Median (RMAD)
Mean (CV),0.0,0.0,0.0,-0.06775510204081632,-0.06775510204081632
Mean (RCIW_1),0.0,0.0,0.0,-0.06775510204081632,-0.06775510204081632
Mean (RCIW_2),0.0,0.0,0.0,-0.06775510204081632,-0.06775510204081632
Median (RCIW_3),0.06775510204081632,0.06775510204081632,0.06775510204081632,0.0,0.0
Median (RMAD),0.06775510204081632,0.06775510204081632,0.06775510204081632,0.0,0.0
