,Mean (CV),Mean (RCIW_1),Mean (RCIW_2),Median (RCIW_3),Median (RMAD)
Mean (CV),1.0,1.0,1.0,0.6244285574552266,0.6244285574552266
Mean (RCIW_1),1.0,1.0,1.0,0.6244285574552266,0.6244285574552266
Mean (RCIW_2),1.0,1.0,1.0,0.6244285574552266,0.6244285574552266
Median (RCIW_3),0.6244285574552266,0.6244285574552266,0.6244285574552266,1.0,1.0
Median (RMAD),0.6244285574552266,0.6244285574552266,0.6244285574552266,1.0,1.0
