,Mean (CV),Mean (RCIW_1),Mean (RCIW_2),Median (RCIW_3),Median (RMAD)
Mean (CV),0.0,-0.05816618881170141,-0.1582340449148762,-0.18234756985094694,-0.1161847277692725
Mean (RCIW_1),0.05816618881170141,0.0,-0.11027349779362948,-0.13536035988866574,-0.061895656581099565
Mean (RCIW_2),0.1582340449148762,0.11027349779362948,0.0,-0.03149758838571587,0.020751611058869357
Median (RCIW_3),0.18234756985094694,0.13536035988866574,0.03149758838571587,0.0,0.04268075588348018
Median (RMAD),0.1161847277692725,0.061895656581099565,-0.020751611058869357,-0.04268075588348018,0.0
