,Mean (CV),Mean (RCIW_1),Mean (RCIW_2),Median (RCIW_3),Median (RMAD)
Mean (CV),1.0,0.014322234353249377,1.0349137400335811e-12,6.130954977072302e-17,6.398699285303994e-09
Mean (RCIW_1),0.014322234353249377,1.0,2.915228213908104e-06,3.347073388563707e-09,0.0007881841370522805
Mean (RCIW_2),1.0349137400335811e-12,2.915228213908104e-06,1.0,0.2161251171785451,0.18690427313684588
Median (RCIW_3),6.130954977072302e-17,3.347073388563707e-09,0.2161251171785451,1.0,0.010567329636786587
Median (RMAD),6.398699285303994e-09,0.0007881841370522805,0.18690427313684588,0.010567329636786587,1.0
