,Mean (CV),Median (CV),Mean (RCIW_1),Mean (RCIW_2),Median (RCIW_3),Mean (RMAD),Median (RMAD)
Mean (CV),1.0,8.024757666260359e-32,0.874770107983825,0.874770107983825,8.024757666260359e-32,0.874770107983825,8.024757666260359e-32
Median (CV),8.024757666260359e-32,1.0,5.108862040612601e-31,5.108862040612601e-31,1.0,5.108862040612601e-31,1.0
Mean (RCIW_1),0.874770107983825,5.108862040612601e-31,1.0,1.0,5.108862040612601e-31,1.0,5.108862040612601e-31
Mean (RCIW_2),0.874770107983825,5.108862040612601e-31,1.0,1.0,5.108862040612601e-31,1.0,5.108862040612601e-31
Median (RCIW_3),8.024757666260359e-32,1.0,5.108862040612601e-31,5.108862040612601e-31,1.0,5.108862040612601e-31,1.0
Mean (RMAD),0.874770107983825,5.108862040612601e-31,1.0,1.0,5.108862040612601e-31,1.0,5.108862040612601e-31
Median (RMAD),8.024757666260359e-32,1.0,5.108862040612601e-31,5.108862040612601e-31,1.0,5.108862040612601e-31,1.0
