,Mean (CV),Median (CV),Mean (RCIW_1),Mean (RCIW_2),Median (RCIW_3),Mean (RMAD),Median (RMAD)
Mean (CV),0.0,0.42905668163997396,0.0,0.0,0.42905668163997396,0.0,0.42905668163997396
Median (CV),-0.42905668163997396,0.0,-0.42905668163997396,-0.42905668163997396,0.0,-0.42905668163997396,0.0
Mean (RCIW_1),0.0,0.42905668163997396,0.0,0.0,0.42905668163997396,0.0,0.42905668163997396
Mean (RCIW_2),0.0,0.42905668163997396,0.0,0.0,0.42905668163997396,0.0,0.42905668163997396
Median (RCIW_3),-0.42905668163997396,0.0,-0.42905668163997396,-0.42905668163997396,0.0,-0.42905668163997396,0.0
Mean (RMAD),0.0,0.42905668163997396,0.0,0.0,0.42905668163997396,0.0,0.42905668163997396
Median (RMAD),-0.42905668163997396,0.0,-0.42905668163997396,-0.42905668163997396,0.0,-0.42905668163997396,0.0
