,Mean (CV),Median (CV),Mean (RCIW_1),Mean (RCIW_2),Median (RCIW_3),Mean (RMAD),Median (RMAD)
Mean (CV),1.0,5.44130939871161e-32,1.0,1.0,5.44130939871161e-32,1.0,5.44130939871161e-32
Median (CV),5.44130939871161e-32,1.0,5.44130939871161e-32,5.44130939871161e-32,1.0,5.44130939871161e-32,1.0
Mean (RCIW_1),1.0,5.44130939871161e-32,1.0,1.0,5.44130939871161e-32,1.0,5.44130939871161e-32
Mean (RCIW_2),1.0,5.44130939871161e-32,1.0,1.0,5.44130939871161e-32,1.0,5.44130939871161e-32
Median (RCIW_3),5.44130939871161e-32,1.0,5.44130939871161e-32,5.44130939871161e-32,1.0,5.44130939871161e-32,1.0
Mean (RMAD),1.0,5.44130939871161e-32,1.0,1.0,5.44130939871161e-32,1.0,5.44130939871161e-32
Median (RMAD),5.44130939871161e-32,1.0,5.44130939871161e-32,5.44130939871161e-32,1.0,5.44130939871161e-32,1.0
