,Mean (CV),Median (CV),Mean (RCIW_1),Mean (RCIW_2),Median (RCIW_3),Mean (RMAD),Median (RMAD)
Mean (CV),1.0,0.14633984872447697,0.5730567165790428,0.12034090701167342,0.2544551891765625,0.419158688319514,0.30894816237010003
Median (CV),0.14633984872447697,1.0,0.3739888121590347,0.9197391651995308,0.7542903259233238,0.0237924874878106,0.6634532574348034
Mean (RCIW_1),0.5730567165790428,0.3739888121590347,1.0,0.3222773432400049,0.5645886399200375,0.17023872565016862,0.6499179767021557
Mean (RCIW_2),0.12034090701167342,0.9197391651995308,0.3222773432400049,1.0,0.6790575222880754,0.01821462760864879,0.5920188912862516
Median (RCIW_3),0.2544551891765625,0.7542903259233238,0.5645886399200375,0.6790575222880754,1.0,0.05147764519620702,0.9027698284926191
Mean (RMAD),0.419158688319514,0.0237924874878106,0.17023872565016862,0.01821462760864879,0.05147764519620702,1.0,0.06795376671635368
Median (RMAD),0.30894816237010003,0.6634532574348034,0.6499179767021557,0.5920188912862516,0.9027698284926191,0.06795376671635368,1.0
