,Mean (CV),Mean (RCIW_1),Mean (RCIW_2),Median (RCIW_3),Median (RMAD)
Mean (CV),0.0,-0.025702479338842975,0.02975206611570248,-0.01115702479338843,-0.35024793388429754
Mean (RCIW_1),0.025702479338842975,0.0,0.057603305785123966,0.010826446280991735,-0.3808264462809917
Mean (RCIW_2),-0.02975206611570248,-0.057603305785123966,0.0,-0.044793388429752064,-0.4128925619834711
Median (RCIW_3),0.01115702479338843,-0.010826446280991735,0.044793388429752064,0.0,-0.3677685950413223
Median (RMAD),0.35024793388429754,0.3808264462809917,0.4128925619834711,0.3677685950413223,0.0
