,Mean (CV),Mean (RCIW_1),Mean (RCIW_2),Median (RCIW_3),Median (RMAD)
Mean (CV),1.0,0.844217294282121,0.6017143348692562,0.9231018076808575,2.0169967261640278e-07
Mean (RCIW_1),0.844217294282121,1.0,0.472486791537856,0.9203644237462238,5.69561563731826e-07
Mean (RCIW_2),0.6017143348692562,0.472486791537856,1.0,0.5362694676922135,1.0671162290920151e-08
Median (RCIW_3),0.9231018076808575,0.9203644237462238,0.5362694676922135,1.0,3.374406994651456e-07
Median (RMAD),2.0169967261640278e-07,5.69561563731826e-07,1.0671162290920151e-08,3.374406994651456e-07,1.0
