,Mean (CV),Mean (RCIW_1),Mean (RCIW_2),Median (RCIW_3),Median (RMAD)
Mean (CV),1.0,0.06903487692020212,0.0014200992690146046,0.021359576151346243,1.1827817606828115e-22
Mean (RCIW_1),0.06903487692020212,1.0,0.16995669545921332,0.628828765960913,3.5311468294810212e-31
Mean (RCIW_2),0.0014200992690146046,0.16995669545921332,1.0,0.374020847747523,1.4777114039104817e-38
Median (RCIW_3),0.021359576151346243,0.628828765960913,0.374020847747523,1.0,1.1009808207026167e-33
Median (RMAD),1.1827817606828115e-22,3.5311468294810212e-31,1.4777114039104817e-38,1.1009808207026167e-33,1.0
