,Mean (CV),Mean (RCIW_1),Mean (RCIW_2),Median (RCIW_3),Median (RMAD)
Mean (CV),1.0,0.11984786101518173,0.061790314961813024,0.12062479438971731,4.710079059642242e-31
Mean (RCIW_1),0.11984786101518173,1.0,0.7547480124128412,0.9974020568982318,1.843024553449748e-39
Mean (RCIW_2),0.061790314961813024,0.7547480124128412,1.0,0.7522750437338536,2.825198580088662e-41
Median (RCIW_3),0.12062479438971731,0.9974020568982318,0.7522750437338536,1.0,1.924074378063756e-39
Median (RMAD),4.710079059642242e-31,1.843024553449748e-39,2.825198580088662e-41,1.924074378063756e-39,1.0
