,Mean (CV),Median (CV),Mean (RCIW_1),Mean (RCIW_2),Median (RCIW_3),Mean (RMAD),Median (RMAD)
Mean (CV),1.0,0.010010110781284989,1.0,1.0,0.010010110781284989,1.0,0.010010110781284989
Median (CV),0.010010110781284989,1.0,0.010010110781284989,0.010010110781284989,1.0,0.010010110781284989,1.0
Mean (RCIW_1),1.0,0.010010110781284989,1.0,1.0,0.010010110781284989,1.0,0.010010110781284989
Mean (RCIW_2),1.0,0.010010110781284989,1.0,1.0,0.010010110781284989,1.0,0.010010110781284989
Median (RCIW_3),0.010010110781284989,1.0,0.010010110781284989,0.010010110781284989,1.0,0.010010110781284989,1.0
Mean (RMAD),1.0,0.010010110781284989,1.0,1.0,0.010010110781284989,1.0,0.010010110781284989
Median (RMAD),0.010010110781284989,1.0,0.010010110781284989,0.010010110781284989,1.0,0.010010110781284989,1.0
