,Mean (CV),Mean (RCIW_1),Mean (RCIW_2),Median (RCIW_3),Median (RMAD)
Mean (CV),0.0,-0.04678638941398866,-0.008979206049149339,-0.17296786389413987,-0.16446124763705103
Mean (RCIW_1),0.04678638941398866,0.0,0.06474480151228733,-0.13563327032136105,-0.13610586011342155
Mean (RCIW_2),0.008979206049149339,-0.06474480151228733,0.0,-0.23487712665406427,-0.17107750472589792
Median (RCIW_3),0.17296786389413987,0.13563327032136105,0.23487712665406427,0.0,-0.03213610586011342
Median (RMAD),0.16446124763705103,0.13610586011342155,0.17107750472589792,0.03213610586011342,0.0
