,Mean (CV),Mean (RCIW_1),Mean (RCIW_2),Median (RCIW_3),Median (RMAD)
Mean (CV),1.0,0.6971247605457743,0.9088636751434331,0.13078084957285943,0.13402975967157826
Mean (RCIW_1),0.6971247605457743,1.0,0.614488646280203,0.26193677752004085,0.2673465899551587
Mean (RCIW_2),0.9088636751434331,0.614488646280203,1.0,0.10405568219372581,0.10677266628684946
Median (RCIW_3),0.13078084957285943,0.26193677752004085,0.10405568219372581,1.0,0.9899218782256158
Median (RMAD),0.13402975967157826,0.2673465899551587,0.10677266628684946,0.9899218782256158,1.0
