,Mean (CV),Median (CV),Mean (RCIW_1),Mean (RCIW_2),Median (RCIW_3),Mean (RMAD),Median (RMAD)
Mean (CV),0.0,0.2583826429980276,0.0,0.0,0.2583826429980276,0.0,0.2583826429980276
Median (CV),-0.2583826429980276,0.0,-0.2583826429980276,-0.2583826429980276,0.0,-0.2583826429980276,0.0
Mean (RCIW_1),0.0,0.2583826429980276,0.0,0.0,0.2583826429980276,0.0,0.2583826429980276
Mean (RCIW_2),0.0,0.2583826429980276,0.0,0.0,0.2583826429980276,0.0,0.2583826429980276
Median (RCIW_3),-0.2583826429980276,0.0,-0.2583826429980276,-0.2583826429980276,0.0,-0.2583826429980276,0.0
Mean (RMAD),0.0,0.2583826429980276,0.0,0.0,0.2583826429980276,0.0,0.2583826429980276
Median (RMAD),-0.2583826429980276,0.0,-0.2583826429980276,-0.2583826429980276,0.0,-0.2583826429980276,0.0
