,Mean (CV),Median (CV),Mean (RCIW_1),Mean (RCIW_2),Median (RCIW_3),Mean (RMAD),Median (RMAD)
Mean (CV),1.0,0.048518757729319024,1.0,1.0,0.048518757729319024,1.0,0.048518757729319024
Median (CV),0.048518757729319024,1.0,0.048518757729319024,0.048518757729319024,1.0,0.048518757729319024,1.0
Mean (RCIW_1),1.0,0.048518757729319024,1.0,1.0,0.048518757729319024,1.0,0.048518757729319024
Mean (RCIW_2),1.0,0.048518757729319024,1.0,1.0,0.048518757729319024,1.0,0.048518757729319024
Median (RCIW_3),0.048518757729319024,1.0,0.048518757729319024,0.048518757729319024,1.0,0.048518757729319024,1.0
Mean (RMAD),1.0,0.048518757729319024,1.0,1.0,0.048518757729319024,1.0,0.048518757729319024
Median (RMAD),0.048518757729319024,1.0,0.048518757729319024,0.048518757729319024,1.0,0.048518757729319024,1.0
