,Mean (CV),Mean (RCIW_1),Mean (RCIW_2),Median (RCIW_3),Median (RMAD)
Mean (CV),0.0,0.008760330578512396,-0.09702479338842976,-0.10892561983471075,-0.13661157024793388
Mean (RCIW_1),-0.008760330578512396,0.0,-0.12355371900826446,-0.12925619834710744,-0.1328099173553719
Mean (RCIW_2),0.09702479338842976,0.12355371900826446,0.0,-0.011239669421487603,-0.033388429752066115
Median (RCIW_3),0.10892561983471075,0.12925619834710744,0.011239669421487603,0.0,-0.02181818181818182
Median (RMAD),0.13661157024793388,0.1328099173553719,0.033388429752066115,0.02181818181818182,0.0
