,Mean (CV),Mean (RCIW_1),Mean (RCIW_2),Median (RCIW_3),Median (RMAD)
Mean (CV),1.0,0.8761934056017155,0.1898623731374096,0.14878739949893202,0.09038746276536376
Mean (RCIW_1),0.8761934056017155,1.0,0.14243512647694415,0.1096819314752063,0.06443559217753583
Mean (RCIW_2),0.1898623731374096,0.14243512647694415,1.0,0.8943187200171627,0.7021861824360494
Median (RCIW_3),0.14878739949893202,0.1096819314752063,0.8943187200171627,1.0,0.8029512214017347
Median (RMAD),0.09038746276536376,0.06443559217753583,0.7021861824360494,0.8029512214017347,1.0
