,Mean (CV),Median (CV),Mean (RCIW_1),Mean (RCIW_2),Median (RCIW_3),Mean (RMAD),Median (RMAD)
Mean (CV),0.0,0.2018181818181818,0.0,0.0,0.2018181818181818,0.0,0.2018181818181818
Median (CV),-0.2018181818181818,0.0,-0.2018181818181818,-0.2018181818181818,0.0,-0.2018181818181818,0.0
Mean (RCIW_1),0.0,0.2018181818181818,0.0,0.0,0.2018181818181818,0.0,0.2018181818181818
Mean (RCIW_2),0.0,0.2018181818181818,0.0,0.0,0.2018181818181818,0.0,0.2018181818181818
Median (RCIW_3),-0.2018181818181818,0.0,-0.2018181818181818,-0.2018181818181818,0.0,-0.2018181818181818,0.0
Mean (RMAD),0.0,0.2018181818181818,0.0,0.0,0.2018181818181818,0.0,0.2018181818181818
Median (RMAD),-0.2018181818181818,0.0,-0.2018181818181818,-0.2018181818181818,0.0,-0.2018181818181818,0.0
