,Mean (CV),Median (CV),Mean (RCIW_1),Mean (RCIW_2),Median (RCIW_3),Mean (RMAD),Median (RMAD)
Mean (CV),1.0,0.00957681575681207,1.0,1.0,0.00957681575681207,1.0,0.00957681575681207
Median (CV),0.00957681575681207,1.0,0.00957681575681207,0.00957681575681207,1.0,0.00957681575681207,1.0
Mean (RCIW_1),1.0,0.00957681575681207,1.0,1.0,0.00957681575681207,1.0,0.00957681575681207
Mean (RCIW_2),1.0,0.00957681575681207,1.0,1.0,0.00957681575681207,1.0,0.00957681575681207
Median (RCIW_3),0.00957681575681207,1.0,0.00957681575681207,0.00957681575681207,1.0,0.00957681575681207,1.0
Mean (RMAD),1.0,0.00957681575681207,1.0,1.0,0.00957681575681207,1.0,0.00957681575681207
Median (RMAD),0.00957681575681207,1.0,0.00957681575681207,0.00957681575681207,1.0,0.00957681575681207,1.0
