Project,Method,Max Time in s,Max Time in h,Min Time in s,Min Time in h,Time Saved,Time Saved %,Fraction of leq 0.01 change,Fraction of leq 0.03 change,Fraction of leq 0.05 change,Fraction of leq 0.1 change,CI Lower Dev,CI Upper Dev
laaber_jmh-core-benchmarks,cv__mean__ci_bootstrap_mean_p,55000,15.277777777777777,330,0.09166666666666666,54670,0.994,0.02727272727272727,0.11818181818181818,0.2,0.42727272727272725,10.80792831673762,0.5150119302929027
laaber_jmh-core-benchmarks,cv__median__ci_bootstrap_median_p,55000,15.277777777777777,330,0.09166666666666666,54670,0.994,0.06363636363636363,0.22727272727272727,0.36363636363636365,0.6454545454545455,13.788021717838909,0.6295730746705893
laaber_jmh-core-benchmarks,rciw_mean_p__mean__ci_bootstrap_mean_p,55000,15.277777777777777,330,0.09166666666666666,54670,0.994,0.02727272727272727,0.11818181818181818,0.2,0.42727272727272725,10.772858552879304,0.5185990266806784
laaber_jmh-core-benchmarks,rciw_mean_t__mean__ci_bootstrap_mean_t,55000,15.277777777777777,330,0.09166666666666666,54670,0.994,0.02727272727272727,0.11818181818181818,0.2,0.42727272727272725,5.505042843063283e+16,905936221738683.6
laaber_jmh-core-benchmarks,rciw_median_p__median__ci_bootstrap_median_p,55000,15.277777777777777,330,0.09166666666666666,54670,0.994,0.06363636363636363,0.22727272727272727,0.36363636363636365,0.6454545454545455,13.788687710379085,0.6295730746705893
laaber_jmh-core-benchmarks,rmad__mean__ci_bootstrap_mean_p,55000,15.277777777777777,330,0.09166666666666666,54670,0.994,0.02727272727272727,0.11818181818181818,0.2,0.42727272727272725,10.80792831673762,0.5150119302929027
laaber_jmh-core-benchmarks,rmad__median__ci_bootstrap_median_p,55000,15.277777777777777,330,0.09166666666666666,54670,0.994,0.06363636363636363,0.22727272727272727,0.36363636363636365,0.6454545454545455,13.788021717838909,0.6295730746705893
