,Mean (CV),Mean (RCIW_1),Mean (RCIW_2),Median (RCIW_3),Median (RMAD)
Mean (CV),0.0,0.1564760026298488,0.23076923076923078,0.15450361604207757,-0.3596318211702827
Mean (RCIW_1),-0.1564760026298488,0.0,0.07692307692307693,-0.0019723865877712033,-0.4806048652202498
Mean (RCIW_2),-0.23076923076923078,-0.07692307692307693,0.0,-0.07692307692307693,-0.5384615384615384
Median (RCIW_3),-0.15450361604207757,0.0019723865877712033,0.07692307692307693,0.0,-0.4720578566732413
Median (RMAD),0.3596318211702827,0.4806048652202498,0.5384615384615384,0.4720578566732413,0.0
