,Mean (CV),Mean (RCIW_1),Mean (RCIW_2),Median (RCIW_3),Median (RMAD)
Mean (CV),1.0,0.12077100332102912,0.02122164942545893,0.1281615390010646,0.0005039616363247414
Mean (RCIW_1),0.12077100332102912,1.0,0.4517671579770576,0.9759444643139944,4.900007045401933e-07
Mean (RCIW_2),0.02122164942545893,0.4517671579770576,1.0,0.4338468363759047,7.352877071375025e-09
Median (RCIW_3),0.1281615390010646,0.9759444643139944,0.4338468363759047,1.0,5.732030204688972e-07
Median (RMAD),0.0005039616363247414,4.900007045401933e-07,7.352877071375025e-09,5.732030204688972e-07,1.0
