,Mean (CV),Median (CV),Mean (RCIW_1),Mean (RCIW_2),Median (RCIW_3),Mean (RMAD),Median (RMAD)
Mean (CV),1.0,0.57477100666371,1.0,1.0,0.57477100666371,1.0,0.57477100666371
Median (CV),0.57477100666371,1.0,0.57477100666371,0.57477100666371,1.0,0.57477100666371,1.0
Mean (RCIW_1),1.0,0.57477100666371,1.0,1.0,0.57477100666371,1.0,0.57477100666371
Mean (RCIW_2),1.0,0.57477100666371,1.0,1.0,0.57477100666371,1.0,0.57477100666371
Median (RCIW_3),0.57477100666371,1.0,0.57477100666371,0.57477100666371,1.0,0.57477100666371,1.0
Mean (RMAD),1.0,0.57477100666371,1.0,1.0,0.57477100666371,1.0,0.57477100666371
Median (RMAD),0.57477100666371,1.0,0.57477100666371,0.57477100666371,1.0,0.57477100666371,1.0
