,Mean (CV),Mean (RCIW_1),Mean (RCIW_2),Median (RCIW_3),Median (RMAD)
Mean (CV),1.0,0.26201009932194463,0.7581012209411139,0.15664492180873402,0.1280339689815685
Mean (RCIW_1),0.26201009932194463,1.0,0.4158296656636724,0.768151739180092,0.688973941065377
Mean (RCIW_2),0.7581012209411139,0.4158296656636724,1.0,0.2676584709090094,0.22477617344307121
Median (RCIW_3),0.15664492180873402,0.768151739180092,0.2676584709090094,1.0,0.9160151443805157
Median (RMAD),0.1280339689815685,0.688973941065377,0.22477617344307121,0.9160151443805157,1.0
