,Mean (CV),Median (CV),Mean (RCIW_1),Mean (RCIW_2),Median (RCIW_3),Mean (RMAD),Median (RMAD)
Mean (CV),1.0,0.42348305545468445,0.4686874729602595,0.04616530522354276,0.14727265147231638,0.37072603349104727,0.9509063010878663
Median (CV),0.42348305545468445,1.0,0.9395966221379636,0.23267923828550863,0.5164421827207,0.08997921571716026,0.38870851664454664
Mean (RCIW_1),0.4686874729602595,0.9395966221379636,1.0,0.20434745953470812,0.4686874729602587,0.10529018306626939,0.43175912670115957
Mean (RCIW_2),0.04616530522354276,0.23267923828550863,0.20434745953470812,1.0,0.5859968608400492,0.003864776977385275,0.03983580477942571
Median (RCIW_3),0.14727265147231638,0.5164421827207,0.4686874729602587,0.5859968608400492,1.0,0.019060440969879505,0.13083909648211225
Mean (RMAD),0.37072603349104727,0.08997921571716026,0.10529018306626939,0.003864776977385275,0.019060440969879505,1.0,0.40453713857880425
Median (RMAD),0.9509063010878663,0.38870851664454664,0.43175912670115957,0.03983580477942571,0.13083909648211225,0.40453713857880425,1.0
