,Mean (CV),Mean (RCIW_1),Mean (RCIW_2),Median (RCIW_3),Median (RMAD)
Mean (CV),0.0,-0.04863285035013295,-0.1325803161311448,-0.17464244035407564,-0.11675128137056988
Mean (RCIW_1),0.04863285035013295,0.0,-0.08907416306165705,-0.1366250549028637,-0.07388847140099958
Mean (RCIW_2),0.1325803161311448,0.08907416306165705,0.0,-0.05618347489109034,0.0003906228642558209
Median (RCIW_3),0.17464244035407564,0.1366250549028637,0.05618347489109034,0.0,0.04038056265487468
Median (RMAD),0.11675128137056988,0.07388847140099958,-0.0003906228642558209,-0.04038056265487468,0.0
