,Mean (CV),Mean (RCIW_1),Mean (RCIW_2),Median (RCIW_3),Median (RMAD)
Mean (CV),1.0,0.04959196813902426,1.5515454123367142e-08,6.229445846210806e-15,3.5058475398755144e-08
Mean (RCIW_1),0.04959196813902426,1.0,0.0002222374703669155,5.355034214106579e-09,0.0003843168564237671
Mean (RCIW_2),1.5515454123367142e-08,0.0002222374703669155,1.0,0.03207706459315692,0.8873392645942091
Median (RCIW_3),6.229445846210806e-15,5.355034214106579e-09,0.03207706459315692,1.0,0.022305748353714773
Median (RMAD),3.5058475398755144e-08,0.0003843168564237671,0.8873392645942091,0.022305748353714773,1.0
