Project,Method,Max Time in s,Max Time in h,Min Time in s,Min Time in h,Time Saved,Time Saved %,Fraction of leq 0.01 change,Fraction of leq 0.03 change,Fraction of leq 0.05 change,Fraction of leq 0.1 change,CI Lower Dev,CI Upper Dev
laaber_jmh-core-benchmarks,cv__mean__ci_bootstrap_mean_p,55000,15.277777777777777,15763,4.378611111111111,39237,0.7134,0.5727272727272728,0.7909090909090909,0.9,0.9636363636363636,0.9427628267787812,0.3543148589050579
laaber_jmh-core-benchmarks,cv__median__ci_bootstrap_median_p,55000,15.277777777777777,15763,4.378611111111111,39237,0.7134,0.7636363636363637,0.9454545454545454,0.9636363636363636,0.990909090909091,1.7925477807727217,0.4943636053063635
laaber_jmh-core-benchmarks,rciw_mean_p__mean__ci_bootstrap_mean_p,55000,15.277777777777777,15763,4.378611111111111,39237,0.7134,0.5727272727272728,0.7909090909090909,0.9,0.9636363636363636,0.9694479615954048,0.354726158580369
laaber_jmh-core-benchmarks,rciw_mean_t__mean__ci_bootstrap_mean_t,55000,15.277777777777777,15763,4.378611111111111,39237,0.7134,0.5727272727272728,0.7909090909090909,0.9,0.9636363636363636,7.19213154353104,0.1539514190195795
laaber_jmh-core-benchmarks,rciw_median_p__median__ci_bootstrap_median_p,55000,15.277777777777777,15763,4.378611111111111,39237,0.7134,0.7636363636363637,0.9454545454545454,0.9636363636363636,0.990909090909091,1.7925574026305306,0.4943599684326397
laaber_jmh-core-benchmarks,rmad__mean__ci_bootstrap_mean_p,55000,15.277777777777777,15763,4.378611111111111,39237,0.7134,0.5727272727272728,0.7909090909090909,0.9,0.9636363636363636,0.9427628267787812,0.3543148589050579
laaber_jmh-core-benchmarks,rmad__median__ci_bootstrap_median_p,55000,15.277777777777777,15763,4.378611111111111,39237,0.7134,0.7636363636363637,0.9454545454545454,0.9636363636363636,0.990909090909091,1.7925477807727217,0.4943636053063635
