,Mean (CV),Mean (RCIW_1),Mean (RCIW_2),Median (RCIW_3),Median (RMAD)
Mean (CV),1.0,0.686580081476667,0.008752493946182254,0.9924691924365143,0.9510797147808263
Mean (RCIW_1),0.686580081476667,1.0,0.02654986799458648,0.6935353594709701,0.642037854238835
Mean (RCIW_2),0.008752493946182254,0.02654986799458648,1.0,0.008997879756551882,0.0072981519722383455
Median (RCIW_3),0.9924691924365143,0.6935353594709701,0.008997879756551882,1.0,0.9435652425272069
Median (RMAD),0.9510797147808263,0.642037854238835,0.0072981519722383455,0.9435652425272069,1.0
