,Mean (CV),Median (CV),Mean (RCIW_1),Mean (RCIW_2),Median (RCIW_3),Mean (RMAD),Median (RMAD)
Mean (CV),1.0,0.6013017623733891,0.20168142034097947,0.006673851449434231,0.09851730373119653,0.07395946797556124,0.215562043717612
Median (CV),0.6013017623733891,1.0,0.4507013124299294,0.028512235616908733,0.2586637048785352,0.020921757913856875,0.0782477280186005
Mean (RCIW_1),0.20168142034097947,0.4507013124299294,1.0,0.15102534505502532,0.7074307960243535,0.00218662010950919,0.011896782676130108
Mean (RCIW_2),0.006673851449434231,0.028512235616908733,0.15102534505502532,1.0,0.2888670272957682,6.809459051839226e-06,7.778942163854648e-05
Median (RCIW_3),0.09851730373119653,0.2586637048785352,0.7074307960243535,0.2888670272957682,1.0,0.0005839780211654102,0.003846294206524212
Mean (RMAD),0.07395946797556124,0.020921757913856875,0.00218662010950919,6.809459051839226e-06,0.0005839780211654102,1.0,0.5833839501318261
Median (RMAD),0.215562043717612,0.0782477280186005,0.011896782676130108,7.778942163854648e-05,0.003846294206524212,0.5833839501318261,1.0
