,Mean (CV),Median (CV),Mean (RCIW_1),Mean (RCIW_2),Median (RCIW_3),Mean (RMAD),Median (RMAD)
Mean (CV),0.0,0.2455954086822235,0.0,0.0,0.2455954086822235,0.0,0.2455954086822235
Median (CV),-0.2455954086822235,0.0,-0.2455954086822235,-0.2455954086822235,0.0,-0.2455954086822235,0.0
Mean (RCIW_1),0.0,0.2455954086822235,0.0,0.0,0.2455954086822235,0.0,0.2455954086822235
Mean (RCIW_2),0.0,0.2455954086822235,0.0,0.0,0.2455954086822235,0.0,0.2455954086822235
Median (RCIW_3),-0.2455954086822235,0.0,-0.2455954086822235,-0.2455954086822235,0.0,-0.2455954086822235,0.0
Mean (RMAD),0.0,0.2455954086822235,0.0,0.0,0.2455954086822235,0.0,0.2455954086822235
Median (RMAD),-0.2455954086822235,0.0,-0.2455954086822235,-0.2455954086822235,0.0,-0.2455954086822235,0.0
