,Mean (CV),Median (CV),Mean (RCIW_1),Mean (RCIW_2),Median (RCIW_3),Mean (RMAD),Median (RMAD)
Mean (CV),1.0,8.350593477160525e-09,1.0,1.0,8.350593477160525e-09,1.0,8.350593477160525e-09
Median (CV),8.350593477160525e-09,1.0,8.350593477160525e-09,8.350593477160525e-09,1.0,8.350593477160525e-09,1.0
Mean (RCIW_1),1.0,8.350593477160525e-09,1.0,1.0,8.350593477160525e-09,1.0,8.350593477160525e-09
Mean (RCIW_2),1.0,8.350593477160525e-09,1.0,1.0,8.350593477160525e-09,1.0,8.350593477160525e-09
Median (RCIW_3),8.350593477160525e-09,1.0,8.350593477160525e-09,8.350593477160525e-09,1.0,8.350593477160525e-09,1.0
Mean (RMAD),1.0,8.350593477160525e-09,1.0,1.0,8.350593477160525e-09,1.0,8.350593477160525e-09
Median (RMAD),8.350593477160525e-09,1.0,8.350593477160525e-09,8.350593477160525e-09,1.0,8.350593477160525e-09,1.0
