,Mean (CV),Mean (RCIW_1),Mean (RCIW_2),Median (RCIW_3),Median (RMAD)
Mean (CV),1.0,1.0,1.0,0.38199300308202844,0.38199300308202844
Mean (RCIW_1),1.0,1.0,1.0,0.38199300308202844,0.38199300308202844
Mean (RCIW_2),1.0,1.0,1.0,0.38199300308202844,0.38199300308202844
Median (RCIW_3),0.38199300308202844,0.38199300308202844,0.38199300308202844,1.0,1.0
Median (RMAD),0.38199300308202844,0.38199300308202844,0.38199300308202844,1.0,1.0
