,Mean (CV),Median (CV),Mean (RCIW_1),Mean (RCIW_2),Median (RCIW_3),Mean (RMAD),Median (RMAD)
Mean (CV),1.0,0.35600095998200276,0.6462701015492959,0.027854852892150297,0.2528730315912572,0.8790087064648417,0.7145167456383597
Median (CV),0.35600095998200276,1.0,0.6426033079522648,0.20184504802050318,0.8255698769356127,0.28226820401817176,0.5773803820310623
Mean (RCIW_1),0.6462701015492959,0.6426033079522648,1.0,0.081793263187097,0.49369175495484274,0.5410831129779101,0.9257818461179051
Mean (RCIW_2),0.027854852892150297,0.20184504802050318,0.081793263187097,1.0,0.2910021570436542,0.018695350098729427,0.06672411734331565
Median (RCIW_3),0.2528730315912572,0.8255698769356127,0.49369175495484274,0.2910021570436542,1.0,0.1951047731261939,0.43680362490888114
Mean (RMAD),0.8790087064648417,0.28226820401817176,0.5410831129779101,0.018695350098729427,0.1951047731261939,1.0,0.6044424133933783
Median (RMAD),0.7145167456383597,0.5773803820310623,0.9257818461179051,0.06672411734331565,0.43680362490888114,0.6044424133933783,1.0
