,Mean (CV),Mean (RCIW_1),Mean (RCIW_2),Median (RCIW_3),Median (RMAD)
Mean (CV),0.0,-0.008324661810613945,0.02497398543184183,-0.2445369406867846,-0.25494276795005205
Mean (RCIW_1),0.008324661810613945,0.0,0.026014568158168574,-0.25078043704474506,-0.259105098855359
Mean (RCIW_2),-0.02497398543184183,-0.026014568158168574,0.0,-0.2601456815816857,-0.27055150884495316
Median (RCIW_3),0.2445369406867846,0.25078043704474506,0.2601456815816857,0.0,-0.029136316337148804
Median (RMAD),0.25494276795005205,0.259105098855359,0.27055150884495316,0.029136316337148804,0.0
