,Mean (CV),Mean (RCIW_1),Mean (RCIW_2),Median (RCIW_3),Median (RMAD)
Mean (CV),1.0,0.9920938147006138,0.8930225600697337,0.09998838668618658,0.07776244369751346
Mean (RCIW_1),0.9920938147006138,1.0,0.8851927623392228,0.10204887263113006,0.07944593216223662
Mean (RCIW_2),0.8930225600697337,0.8851927623392228,1.0,0.07517575978735509,0.057656617361901266
Median (RCIW_3),0.09998838668618658,0.10204887263113006,0.07517575978735509,1.0,0.9053473312635815
Median (RMAD),0.07776244369751346,0.07944593216223662,0.057656617361901266,0.9053473312635815,1.0
