,Mean (CV),Mean (RCIW_1),Mean (RCIW_2),Median (RCIW_3),Median (RMAD)
Mean (CV),1.0,0.9837953967086104,0.44626471309487714,0.5974422677590161,0.12516020708340178
Mean (RCIW_1),0.9837953967086104,1.0,0.4342334333254749,0.6116136904107694,0.130239356798621
Mean (RCIW_2),0.44626471309487714,0.4342334333254749,1.0,0.19714119690357101,0.021725870616315028
Median (RCIW_3),0.5974422677590161,0.6116136904107694,0.19714119690357101,1.0,0.3147103870964355
Median (RMAD),0.12516020708340178,0.130239356798621,0.021725870616315028,0.3147103870964355,1.0
