,Mean (CV),Median (CV),Mean (RCIW_1),Mean (RCIW_2),Median (RCIW_3),Mean (RMAD),Median (RMAD)
Mean (CV),1.0,8.109830587306175e-23,0.8905589164199854,0.8905589164199854,8.109830587306175e-23,0.8905589164199854,8.109830587306175e-23
Median (CV),8.109830587306175e-23,1.0,2.048241410755662e-23,2.048241410755662e-23,1.0,2.048241410755662e-23,1.0
Mean (RCIW_1),0.8905589164199854,2.048241410755662e-23,1.0,1.0,2.048241410755662e-23,1.0,2.048241410755662e-23
Mean (RCIW_2),0.8905589164199854,2.048241410755662e-23,1.0,1.0,2.048241410755662e-23,1.0,2.048241410755662e-23
Median (RCIW_3),8.109830587306175e-23,1.0,2.048241410755662e-23,2.048241410755662e-23,1.0,2.048241410755662e-23,1.0
Mean (RMAD),0.8905589164199854,2.048241410755662e-23,1.0,1.0,2.048241410755662e-23,1.0,2.048241410755662e-23
Median (RMAD),8.109830587306175e-23,1.0,2.048241410755662e-23,2.048241410755662e-23,1.0,2.048241410755662e-23,1.0
