,Mean (CV),Mean (RCIW_1),Mean (RCIW_2),Median (RCIW_3),Median (RMAD)
Mean (CV),1.0,0.6167973081602964,0.9553376434969582,0.24199202165174338,0.825584260260871
Mean (RCIW_1),0.6167973081602964,1.0,0.5779376091310058,0.5030951457226318,0.4710553953678758
Mean (RCIW_2),0.9553376434969582,0.5779376091310058,1.0,0.22018834162738343,0.8694452592927548
Median (RCIW_3),0.24199202165174338,0.5030951457226318,0.22018834162738343,1.0,0.1644102917825977
Median (RMAD),0.825584260260871,0.4710553953678758,0.8694452592927548,0.1644102917825977,1.0
