,Mean (CV),Mean (RCIW_1),Mean (RCIW_2),Median (RCIW_3),Median (RMAD)
Mean (CV),0.0,0.08,0.025306122448979593,-0.017959183673469388,-0.08979591836734693
Mean (RCIW_1),-0.08,0.0,-0.07265306122448979,-0.09142857142857143,-0.15836734693877552
Mean (RCIW_2),-0.025306122448979593,0.07265306122448979,0.0,-0.06938775510204082,-0.15755102040816327
Median (RCIW_3),0.017959183673469388,0.09142857142857143,0.06938775510204082,0.0,-0.08081632653061224
Median (RMAD),0.08979591836734693,0.15836734693877552,0.15755102040816327,0.08081632653061224,0.0
