,Mean (CV),Mean (RCIW_1),Mean (RCIW_2),Median (RCIW_3),Median (RMAD)
Mean (CV),1.0,0.5631881973057682,0.7979344435778917,0.8846176870952374,0.4797448596056275
Mean (RCIW_1),0.5631881973057682,1.0,0.747383584981017,0.4695382944902743,0.19885329021857312
Mean (RCIW_2),0.7979344435778917,0.747383584981017,1.0,0.6883176002532564,0.3356809220317952
Median (RCIW_3),0.8846176870952374,0.4695382944902743,0.6883176002532564,1.0,0.5743920162530678
Median (RMAD),0.4797448596056275,0.19885329021857312,0.3356809220317952,0.5743920162530678,1.0
