,Mean (CV),Mean (RCIW_1),Mean (RCIW_2),Median (RCIW_3),Median (RMAD)
Mean (CV),1.0,0.44391860579363496,0.9942911262128435,0.5196035807804229,0.05763295331607384
Mean (RCIW_1),0.44391860579363496,1.0,0.4481889555983266,0.9031871067010779,0.25726187708459225
Mean (RCIW_2),0.9942911262128435,0.4481889555983266,1.0,0.5242541348817493,0.05858105759037755
Median (RCIW_3),0.5196035807804229,0.9031871067010779,0.5242541348817493,1.0,0.20965202653271675
Median (RMAD),0.05763295331607384,0.25726187708459225,0.05858105759037755,0.20965202653271675,1.0
