,Mean (CV),Mean (RCIW_1),Mean (RCIW_2),Median (RCIW_3),Median (RMAD)
Mean (CV),0.0,-0.06857142857142857,-0.22693877551020408,-0.037551020408163265,-0.12489795918367347
Mean (RCIW_1),0.06857142857142857,0.0,-0.1689795918367347,0.04163265306122449,-0.053061224489795916
Mean (RCIW_2),0.22693877551020408,0.1689795918367347,0.0,0.21551020408163266,0.12816326530612246
Median (RCIW_3),0.037551020408163265,-0.04163265306122449,-0.21551020408163266,0.0,-0.0963265306122449
Median (RMAD),0.12489795918367347,0.053061224489795916,-0.12816326530612246,0.0963265306122449,0.0
