,Mean (CV),Mean (RCIW_1),Mean (RCIW_2),Median (RCIW_3),Median (RMAD)
Mean (CV),1.0,0.6130438136984466,0.08015457866758897,0.835586955210443,0.3774265260302877
Mean (RCIW_1),0.6130438136984466,1.0,0.21347878116699304,0.7655567290397296,0.7062371308806108
Mean (RCIW_2),0.08015457866758897,0.21347878116699304,1.0,0.12301325863862515,0.3858642389353062
Median (RCIW_3),0.835586955210443,0.7655567290397296,0.12301325863862515,1.0,0.49960817658668655
Median (RMAD),0.3774265260302877,0.7062371308806108,0.3858642389353062,0.49960817658668655,1.0
