,Mean (CV),Mean (RCIW_1),Mean (RCIW_2),Median (RCIW_3),Median (RMAD)
Mean (CV),0.0,-0.05959183673469388,0.008979591836734694,-0.16408163265306122,0.027755102040816326
Mean (RCIW_1),0.05959183673469388,0.0,0.07265306122448979,-0.06612244897959184,0.08244897959183674
Mean (RCIW_2),-0.008979591836734694,-0.07265306122448979,0.0,-0.15918367346938775,0.0163265306122449
Median (RCIW_3),0.16408163265306122,0.06612244897959184,0.15918367346938775,0.0,0.20816326530612245
Median (RMAD),-0.027755102040816326,-0.08244897959183674,-0.0163265306122449,-0.20816326530612245,0.0
