,Mean (CV),Median (CV),Mean (RCIW_1),Mean (RCIW_2),Median (RCIW_3),Mean (RMAD),Median (RMAD)
Mean (CV),1.0,0.12912638649440072,1.0,1.0,0.12912638649440072,1.0,0.12912638649440072
Median (CV),0.12912638649440072,1.0,0.12912638649440072,0.12912638649440072,1.0,0.12912638649440072,1.0
Mean (RCIW_1),1.0,0.12912638649440072,1.0,1.0,0.12912638649440072,1.0,0.12912638649440072
Mean (RCIW_2),1.0,0.12912638649440072,1.0,1.0,0.12912638649440072,1.0,0.12912638649440072
Median (RCIW_3),0.12912638649440072,1.0,0.12912638649440072,0.12912638649440072,1.0,0.12912638649440072,1.0
Mean (RMAD),1.0,0.12912638649440072,1.0,1.0,0.12912638649440072,1.0,0.12912638649440072
Median (RMAD),0.12912638649440072,1.0,0.12912638649440072,0.12912638649440072,1.0,0.12912638649440072,1.0
