,Mean (CV),Mean (RCIW_1),Mean (RCIW_2),Median (RCIW_3),Median (RMAD)
Mean (CV),0.0,0.022892819979188347,0.037460978147762745,-0.07908428720083246,-0.11446409989594172
Mean (RCIW_1),-0.022892819979188347,0.0,0.014568158168574402,-0.08740894901144641,-0.12278876170655567
Mean (RCIW_2),-0.037460978147762745,-0.014568158168574402,0.0,-0.12695109261186263,-0.14360041623309053
Median (RCIW_3),0.07908428720083246,0.08740894901144641,0.12695109261186263,0.0,-0.01664932362122789
Median (RMAD),0.11446409989594172,0.12278876170655567,0.14360041623309053,0.01664932362122789,0.0
