,Mean (CV),Mean (RCIW_1),Mean (RCIW_2),Median (RCIW_3),Median (RMAD)
Mean (CV),1.0,0.9059719786297061,0.7931900298404461,0.5703366122638625,0.46255056176660503
Mean (RCIW_1),0.9059719786297061,1.0,0.8854612231701123,0.4929170806416162,0.3937845174800271
Mean (RCIW_2),0.7931900298404461,0.8854612231701123,1.0,0.40669356088428266,0.3188499803094603
Median (RCIW_3),0.5703366122638625,0.4929170806416162,0.40669356088428266,1.0,0.8672932125937001
Median (RMAD),0.46255056176660503,0.3937845174800271,0.3188499803094603,0.8672932125937001,1.0
