,Mean (CV),Mean (RCIW_1),Mean (RCIW_2),Median (RCIW_3),Median (RMAD)
Mean (CV),0.0,0.0,0.0,-0.1115702479338843,-0.1115702479338843
Mean (RCIW_1),0.0,0.0,0.0,-0.1115702479338843,-0.1115702479338843
Mean (RCIW_2),0.0,0.0,0.0,-0.1115702479338843,-0.1115702479338843
Median (RCIW_3),0.1115702479338843,0.1115702479338843,0.1115702479338843,0.0,0.0
Median (RMAD),0.1115702479338843,0.1115702479338843,0.1115702479338843,0.0,0.0
