,Mean (CV),Mean (RCIW_1),Mean (RCIW_2),Median (RCIW_3),Median (RMAD)
Mean (CV),1.0,1.0,1.0,0.5233219976876378,0.5233219976876378
Mean (RCIW_1),1.0,1.0,1.0,0.5233219976876378,0.5233219976876378
Mean (RCIW_2),1.0,1.0,1.0,0.5233219976876378,0.5233219976876378
Median (RCIW_3),0.5233219976876378,0.5233219976876378,0.5233219976876378,1.0,1.0
Median (RMAD),0.5233219976876378,0.5233219976876378,0.5233219976876378,1.0,1.0
