,Mean (CV),Mean (RCIW_1),Mean (RCIW_2),Median (RCIW_3),Median (RMAD)
Mean (CV),1.0,0.21731207005404263,0.29559917887299025,0.733914403331184,0.5796741178643368
Mean (RCIW_1),0.21731207005404263,1.0,0.8510415012487715,0.37143750156191824,0.4966017881415977
Mean (RCIW_2),0.29559917887299025,0.8510415012487715,1.0,0.48019172435042323,0.6226793417035825
Median (RCIW_3),0.733914403331184,0.37143750156191824,0.48019172435042323,1.0,0.8305956824487745
Median (RMAD),0.5796741178643368,0.4966017881415977,0.6226793417035825,0.8305956824487745,1.0
