,Mean (CV),Mean (RCIW_1),Mean (RCIW_2),Median (RCIW_3),Median (RMAD)
Mean (CV),0.0,0.045785639958376693,-0.03433922996878252,-0.01768990634755463,-0.001040582726326743
Mean (RCIW_1),-0.045785639958376693,0.0,-0.08220603537981269,-0.061394380853277836,-0.046826222684703434
Mean (RCIW_2),0.03433922996878252,0.08220603537981269,0.0,0.03225806451612903,0.04890738813735692
Median (RCIW_3),0.01768990634755463,0.061394380853277836,-0.03225806451612903,0.0,0.01664932362122789
Median (RMAD),0.001040582726326743,0.046826222684703434,-0.04890738813735692,-0.01664932362122789,0.0
