,Mean (CV),Mean (RCIW_1),Mean (RCIW_2),Median (RCIW_3),Median (RMAD)
Mean (CV),1.0,0.7555751074336678,0.7804351473479391,0.923346667119225,0.9887104313889163
Mean (RCIW_1),0.7555751074336678,1.0,0.5551580229774502,0.6836293201926975,0.7663544279838165
Mean (RCIW_2),0.7804351473479391,0.5551580229774502,1.0,0.855164427256476,0.769597170309186
Median (RCIW_3),0.923346667119225,0.6836293201926975,0.855164427256476,1.0,0.9121168838477423
Median (RMAD),0.9887104313889163,0.7663544279838165,0.769597170309186,0.9121168838477423,1.0
