,Mean (CV),Mean (RCIW_1),Mean (RCIW_2),Median (RCIW_3),Median (RMAD)
Mean (CV),1.0,1.0,1.0,3.6469751159384554e-07,3.6469751159384554e-07
Mean (RCIW_1),1.0,1.0,1.0,3.6469751159384554e-07,3.6469751159384554e-07
Mean (RCIW_2),1.0,1.0,1.0,3.6469751159384554e-07,3.6469751159384554e-07
Median (RCIW_3),3.6469751159384554e-07,3.6469751159384554e-07,3.6469751159384554e-07,1.0,1.0
Median (RMAD),3.6469751159384554e-07,3.6469751159384554e-07,3.6469751159384554e-07,1.0,1.0
