,Mean (CV),Median (CV),Mean (RCIW_1),Mean (RCIW_2),Median (RCIW_3),Mean (RMAD),Median (RMAD)
Mean (CV),0.0,0.17531044558071585,0.0,0.0,0.17531044558071585,0.0,0.17531044558071585
Median (CV),-0.17531044558071585,0.0,-0.17531044558071585,-0.17531044558071585,0.0,-0.17531044558071585,0.0
Mean (RCIW_1),0.0,0.17531044558071585,0.0,0.0,0.17531044558071585,0.0,0.17531044558071585
Mean (RCIW_2),0.0,0.17531044558071585,0.0,0.0,0.17531044558071585,0.0,0.17531044558071585
Median (RCIW_3),-0.17531044558071585,0.0,-0.17531044558071585,-0.17531044558071585,0.0,-0.17531044558071585,0.0
Mean (RMAD),0.0,0.17531044558071585,0.0,0.0,0.17531044558071585,0.0,0.17531044558071585
Median (RMAD),-0.17531044558071585,0.0,-0.17531044558071585,-0.17531044558071585,0.0,-0.17531044558071585,0.0
