,Mean (CV),Median (CV),Mean (RCIW_1),Mean (RCIW_2),Median (RCIW_3),Mean (RMAD),Median (RMAD)
Mean (CV),1.0,0.0198328593751657,1.0,1.0,0.0198328593751657,1.0,0.0198328593751657
Median (CV),0.0198328593751657,1.0,0.0198328593751657,0.0198328593751657,1.0,0.0198328593751657,1.0
Mean (RCIW_1),1.0,0.0198328593751657,1.0,1.0,0.0198328593751657,1.0,0.0198328593751657
Mean (RCIW_2),1.0,0.0198328593751657,1.0,1.0,0.0198328593751657,1.0,0.0198328593751657
Median (RCIW_3),0.0198328593751657,1.0,0.0198328593751657,0.0198328593751657,1.0,0.0198328593751657,1.0
Mean (RMAD),1.0,0.0198328593751657,1.0,1.0,0.0198328593751657,1.0,0.0198328593751657
Median (RMAD),0.0198328593751657,1.0,0.0198328593751657,0.0198328593751657,1.0,0.0198328593751657,1.0
