,Mean (CV),Mean (RCIW_1),Mean (RCIW_2),Median (RCIW_3),Median (RMAD)
Mean (CV),1.0,0.753369848361949,0.7469293160559898,0.5269660980114044,0.6173533570804988
Mean (RCIW_1),0.753369848361949,1.0,0.9932245520365819,0.34371871242698193,0.4157573007497838
Mean (RCIW_2),0.7469293160559898,0.9932245520365819,1.0,0.3394083068624999,0.41090858563704935
Median (RCIW_3),0.5269660980114044,0.34371871242698193,0.3394083068624999,1.0,0.8941623423787151
Median (RMAD),0.6173533570804988,0.4157573007497838,0.41090858563704935,0.8941623423787151,1.0
