,Mean (CV),Median (CV),Mean (RCIW_1),Mean (RCIW_2),Median (RCIW_3),Mean (RMAD),Median (RMAD)
Mean (CV),0.0,0.16936052684332054,0.0,0.0,0.16936052684332054,0.0,0.16936052684332054
Median (CV),-0.16936052684332054,0.0,-0.16936052684332054,-0.16936052684332054,0.0,-0.16936052684332054,0.0
Mean (RCIW_1),0.0,0.16936052684332054,0.0,0.0,0.16936052684332054,0.0,0.16936052684332054
Mean (RCIW_2),0.0,0.16936052684332054,0.0,0.0,0.16936052684332054,0.0,0.16936052684332054
Median (RCIW_3),-0.16936052684332054,0.0,-0.16936052684332054,-0.16936052684332054,0.0,-0.16936052684332054,0.0
Mean (RMAD),0.0,0.16936052684332054,0.0,0.0,0.16936052684332054,0.0,0.16936052684332054
Median (RMAD),-0.16936052684332054,0.0,-0.16936052684332054,-0.16936052684332054,0.0,-0.16936052684332054,0.0
