,Mean (CV),Median (CV),Mean (RCIW_1),Mean (RCIW_2),Median (RCIW_3),Mean (RMAD),Median (RMAD)
Mean (CV),1.0,7.100529295551946e-05,1.0,1.0,7.100529295551946e-05,1.0,7.100529295551946e-05
Median (CV),7.100529295551946e-05,1.0,7.100529295551946e-05,7.100529295551946e-05,1.0,7.100529295551946e-05,1.0
Mean (RCIW_1),1.0,7.100529295551946e-05,1.0,1.0,7.100529295551946e-05,1.0,7.100529295551946e-05
Mean (RCIW_2),1.0,7.100529295551946e-05,1.0,1.0,7.100529295551946e-05,1.0,7.100529295551946e-05
Median (RCIW_3),7.100529295551946e-05,1.0,7.100529295551946e-05,7.100529295551946e-05,1.0,7.100529295551946e-05,1.0
Mean (RMAD),1.0,7.100529295551946e-05,1.0,1.0,7.100529295551946e-05,1.0,7.100529295551946e-05
Median (RMAD),7.100529295551946e-05,1.0,7.100529295551946e-05,7.100529295551946e-05,1.0,7.100529295551946e-05,1.0
