,Mean (CV),Median (CV),Mean (RCIW_1),Mean (RCIW_2),Median (RCIW_3),Mean (RMAD),Median (RMAD)
Mean (CV),1.0,0.4611717748802606,1.0,1.0,0.4611717748802606,1.0,0.4611717748802606
Median (CV),0.4611717748802606,1.0,0.4611717748802606,0.4611717748802606,1.0,0.4611717748802606,1.0
Mean (RCIW_1),1.0,0.4611717748802606,1.0,1.0,0.4611717748802606,1.0,0.4611717748802606
Mean (RCIW_2),1.0,0.4611717748802606,1.0,1.0,0.4611717748802606,1.0,0.4611717748802606
Median (RCIW_3),0.4611717748802606,1.0,0.4611717748802606,0.4611717748802606,1.0,0.4611717748802606,1.0
Mean (RMAD),1.0,0.4611717748802606,1.0,1.0,0.4611717748802606,1.0,0.4611717748802606
Median (RMAD),0.4611717748802606,1.0,0.4611717748802606,0.4611717748802606,1.0,0.4611717748802606,1.0
