,Mean (CV),Mean (RCIW_1),Mean (RCIW_2),Median (RCIW_3),Median (RMAD)
Mean (CV),0.0,0.0,0.0,-0.7481789802289281,-0.7481789802289281
Mean (RCIW_1),0.0,0.0,0.0,-0.7481789802289281,-0.7481789802289281
Mean (RCIW_2),0.0,0.0,0.0,-0.7481789802289281,-0.7481789802289281
Median (RCIW_3),0.7481789802289281,0.7481789802289281,0.7481789802289281,0.0,0.0
Median (RMAD),0.7481789802289281,0.7481789802289281,0.7481789802289281,0.0,0.0
