Project,Method,Max Time in s,Max Time in h,Min Time in s,Min Time in h,Time Saved,Time Saved %,Fraction of leq 0.01 change,Fraction of leq 0.03 change,Fraction of leq 0.05 change,Fraction of leq 0.1 change,CI Lower Dev,CI Upper Dev
prometheus-v0.35.0,cv__mean__ci_bootstrap_mean_p,2325,0.6458333333333334,93,0.025833333333333333,2232,0.96,0.0967741935483871,0.2903225806451613,0.7419354838709677,0.967741935483871,0.3106797835661001,0.2781747664662962
prometheus-v0.35.0,rciw_mean_p__mean__ci_bootstrap_mean_p,2325,0.6458333333333334,93,0.025833333333333333,2232,0.96,0.0967741935483871,0.2903225806451613,0.7419354838709677,0.967741935483871,0.3122177884457632,0.2761171582443537
prometheus-v0.35.0,rciw_mean_t__mean__ci_bootstrap_mean_t,2325,0.6458333333333334,93,0.025833333333333333,2232,0.96,0.0967741935483871,0.2903225806451613,0.7419354838709677,0.967741935483871,1627786089501.9033,353611508411.9518
prometheus-v0.35.0,rciw_median_p__median__ci_bootstrap_median_p,2325,0.6458333333333334,93,0.025833333333333333,2232,0.96,0.9354838709677419,0.967741935483871,0.967741935483871,0.967741935483871,0.1679389312977098,0.1619047619047618
prometheus-v0.35.0,rmad__median__ci_bootstrap_median_p,2325,0.6458333333333334,93,0.025833333333333333,2232,0.96,0.9354838709677419,0.967741935483871,0.967741935483871,0.967741935483871,0.1679389312977098,0.1619047619047618
