,Mean (CV),Mean (RCIW_1),Mean (RCIW_2),Median (RCIW_3),Median (RMAD)
Mean (CV),1.0,1.0,1.0,0.11467419805135219,0.11467419805135219
Mean (RCIW_1),1.0,1.0,1.0,0.11467419805135219,0.11467419805135219
Mean (RCIW_2),1.0,1.0,1.0,0.11467419805135219,0.11467419805135219
Median (RCIW_3),0.11467419805135219,0.11467419805135219,0.11467419805135219,1.0,1.0
Median (RMAD),0.11467419805135219,0.11467419805135219,0.11467419805135219,1.0,1.0
