,Mean (CV),Median (CV),Mean (RCIW_1),Mean (RCIW_2),Median (RCIW_3),Mean (RMAD),Median (RMAD)
Mean (CV),1.0,0.12670612421660166,1.0,1.0,0.12670612421660166,1.0,0.12670612421660166
Median (CV),0.12670612421660166,1.0,0.12670612421660166,0.12670612421660166,1.0,0.12670612421660166,1.0
Mean (RCIW_1),1.0,0.12670612421660166,1.0,1.0,0.12670612421660166,1.0,0.12670612421660166
Mean (RCIW_2),1.0,0.12670612421660166,1.0,1.0,0.12670612421660166,1.0,0.12670612421660166
Median (RCIW_3),0.12670612421660166,1.0,0.12670612421660166,0.12670612421660166,1.0,0.12670612421660166,1.0
Mean (RMAD),1.0,0.12670612421660166,1.0,1.0,0.12670612421660166,1.0,0.12670612421660166
Median (RMAD),0.12670612421660166,1.0,0.12670612421660166,0.12670612421660166,1.0,0.12670612421660166,1.0
