,Mean (CV),Mean (RCIW_1),Mean (RCIW_2),Median (RCIW_3),Median (RMAD)
Mean (CV),1.0,0.959378641523009,0.9605060774330216,1.7557569889414264e-07,4.5972833628566244e-07
Mean (RCIW_1),0.959378641523009,1.0,0.9199856015768983,1.3316938805415592e-07,3.518218038561952e-07
Mean (RCIW_2),0.9605060774330216,0.9199856015768983,1.0,2.2916173336209373e-07,5.948497672621652e-07
Median (RCIW_3),1.7557569889414264e-07,1.3316938805415592e-07,2.2916173336209373e-07,1.0,0.8562919836431744
Median (RMAD),4.5972833628566244e-07,3.518218038561952e-07,5.948497672621652e-07,0.8562919836431744,1.0
