,Mean (CV),Median (CV),Mean (RCIW_1),Mean (RCIW_2),Median (RCIW_3),Mean (RMAD),Median (RMAD)
Mean (CV),1.0,0.11525102186762783,0.5465935590225037,0.5127735091040465,0.1668828775223491,0.78314386543725,0.28528685182428126
Median (CV),0.11525102186762783,1.0,0.33097540120978575,0.35731241484239695,0.8471671751509462,0.06427783336998362,0.6125019331679487
Mean (RCIW_1),0.5465935590225037,0.33097540120978575,1.0,0.9588053847210026,0.43573416453994807,0.37989119036768526,0.6414691169541682
Mean (RCIW_2),0.5127735091040465,0.35731241484239695,0.9588053847210026,1.0,0.466757967731937,0.3525007722961113,0.6788792631252172
Median (RCIW_3),0.1668828775223491,0.8471671751509462,0.43573416453994807,0.466757967731937,1.0,0.09741565927503539,0.7536948195225059
Mean (RMAD),0.78314386543725,0.06427783336998362,0.37989119036768526,0.3525007722961113,0.09741565927503539,1.0,0.17903166561928519
Median (RMAD),0.28528685182428126,0.6125019331679487,0.6414691169541682,0.6788792631252172,0.7536948195225059,0.17903166561928519,1.0
