,Mean (CV),Mean (RCIW_1),Mean (RCIW_2),Median (RCIW_3),Median (RMAD)
Mean (CV),0.0,0.019591836734693877,-0.11346938775510204,-0.12653061224489795,-0.14285714285714285
Mean (RCIW_1),-0.019591836734693877,0.0,-0.11755102040816326,-0.14530612244897959,-0.15918367346938775
Mean (RCIW_2),0.11346938775510204,0.11755102040816326,0.0,-0.060408163265306125,-0.09387755102040816
Median (RCIW_3),0.12653061224489795,0.14530612244897959,0.060408163265306125,0.0,-0.04326530612244898
Median (RMAD),0.14285714285714285,0.15918367346938775,0.09387755102040816,0.04326530612244898,0.0
