,Mean (CV),Mean (RCIW_1),Mean (RCIW_2),Median (RCIW_3),Median (RMAD)
Mean (CV),1.0,0.9098252874786938,0.52484054347468,0.34586275796238175,0.24616114913840104
Mean (RCIW_1),0.9098252874786938,1.0,0.4537604486464326,0.29101233218239086,0.20302406363303016
Mean (RCIW_2),0.52484054347468,0.4537604486464326,1.0,0.7590390742189155,0.600402010154536
Median (RCIW_3),0.34586275796238175,0.29101233218239086,0.7590390742189155,1.0,0.8281463195601573
Median (RMAD),0.24616114913840104,0.20302406363303016,0.600402010154536,0.8281463195601573,1.0
