,Mean (CV),Mean (RCIW_1),Mean (RCIW_2),Median (RCIW_3),Median (RMAD)
Mean (CV),0.0,0.001040582726326743,-0.030176899063475548,0.06347554630593132,-0.45681581685744016
Mean (RCIW_1),-0.001040582726326743,0.0,-0.02809573361082206,0.05723204994797086,-0.4797086368366285
Mean (RCIW_2),0.030176899063475548,0.02809573361082206,0.0,0.09053069719042664,-0.4755463059313215
Median (RCIW_3),-0.06347554630593132,-0.05723204994797086,-0.09053069719042664,0.0,-0.4838709677419355
Median (RMAD),0.45681581685744016,0.4797086368366285,0.4755463059313215,0.4838709677419355,0.0
