,Mean (CV),Mean (RCIW_1),Mean (RCIW_2),Median (RCIW_3),Median (RMAD)
Mean (CV),1.0,0.9573085088411556,0.8603812239077151,0.6164407951010069,2.0482020135661196e-05
Mean (RCIW_1),0.9573085088411556,1.0,0.8185422537906034,0.654608221601818,1.6097995992795114e-05
Mean (RCIW_2),0.8603812239077151,0.8185422537906034,1.0,0.49853926237936563,4.432778146378161e-05
Median (RCIW_3),0.6164407951010069,0.654608221601818,0.49853926237936563,1.0,1.9314131872115502e-06
Median (RMAD),2.0482020135661196e-05,1.6097995992795114e-05,4.432778146378161e-05,1.9314131872115502e-06,1.0
