,Mean (CV),Mean (RCIW_1),Mean (RCIW_2),Median (RCIW_3),Median (RMAD)
Mean (CV),0.0,-0.08220603537981269,0.01664932362122789,-0.39125910509885536,-0.45161290322580644
Mean (RCIW_1),0.08220603537981269,0.0,0.10613943808532779,-0.24037460978147762,-0.32362122788761705
Mean (RCIW_2),-0.01664932362122789,-0.10613943808532779,0.0,-0.404786680541103,-0.4713839750260146
Median (RCIW_3),0.39125910509885536,0.24037460978147762,0.404786680541103,0.0,-0.06555671175858481
Median (RMAD),0.45161290322580644,0.32362122788761705,0.4713839750260146,0.06555671175858481,0.0
