,Mean (CV),Mean (RCIW_1),Mean (RCIW_2),Median (RCIW_3),Median (RMAD)
Mean (CV),1.0,0.4647318200528394,0.9011362902517621,0.009915518185197718,0.0023105456090923627
Mean (RCIW_1),0.4647318200528394,1.0,0.392383121100608,0.06464805020746398,0.02055659492768928
Mean (RCIW_2),0.9011362902517621,0.392383121100608,1.0,0.006871929150166196,0.0015174045626718375
Median (RCIW_3),0.009915518185197718,0.06464805020746398,0.006871929150166196,1.0,0.6395368061484904
Median (RMAD),0.0023105456090923627,0.02055659492768928,0.0015174045626718375,0.6395368061484904,1.0
